objectid,parentid,title,creator,date,source,date-is-approximate?,description,subject,location,latitude,longitude,identifier,type,format,language,rights,rightsstatement,youtubeid,display_template,object_location,filename,image_small,image_thumb,image_alt_text,object_transcript
hc_0001,,to father,Horace Comstock,1943-01-09,,,Letter to father from infantry training.,war; WWII; Army; correspondence; fighter pilot,"Pine Bluff, Arkansas",34.17702662,-91.93662273,,record,compound_object,eng,CC BY-NC-ND,https://creativecommons.org/licenses/by-nc-nd/4.0/,,compound_object,,,,,,
hc_0002,hc_0001,to father,Horace Comstock,1943-01-09,1,,Letter to father from infantry training.,war; WWII; Army; correspondence; fighter pilot,"Pine Bluff, Arkansas",34.17702662,-91.93662273,,Image;StillImage,image/jpeg,eng,CC BY-NC-ND,https://creativecommons.org/licenses/by-nc-nd/4.0/,,image,https://storage.googleapis.com/horace-comstock/images/full/0001_full.jpg,https://storage.googleapis.com/horace-comstock/images/small/0001_sm.jpg,https://storage.googleapis.com/horace-comstock/images/small/0001_sm.jpg,https://storage.googleapis.com/horace-comstock/images/thumb/0001_th.jpg,,https://storage.googleapis.com/horace-comstock/images/text/0001.txt
hc_0003,hc_0001,to father,Horace Comstock,1943-01-09,2,,Letter to father from infantry training.,war; WWII; Army; correspondence; fighter pilot,"Pine Bluff, Arkansas",34.17702662,-91.93662273,,Image;StillImage,image/jpeg,eng,CC BY-NC-ND,https://creativecommons.org/licenses/by-nc-nd/4.0/,,image,https://storage.googleapis.com/horace-comstock/images/full/0002_full.jpg,https://storage.googleapis.com/horace-comstock/images/small/0002_sm.jpg,https://storage.googleapis.com/horace-comstock/images/small/0002_sm.jpg,https://storage.googleapis.com/horace-comstock/images/thumb/0002_th.jpg,,https://storage.googleapis.com/horace-comstock/images/text/0002.txt
hc_0004,hc_0001,to father,Horace Comstock,1943-01-09,3,,Letter to father from infantry training.,war; WWII; Army; correspondence; fighter pilot,"Pine Bluff, Arkansas",34.17702662,-91.93662273,,Image;StillImage,image/jpeg,eng,CC BY-NC-ND,https://creativecommons.org/licenses/by-nc-nd/4.0/,,image,https://storage.googleapis.com/horace-comstock/images/full/0003_full.jpg,https://storage.googleapis.com/horace-comstock/images/small/0003_sm.jpg,https://storage.googleapis.com/horace-comstock/images/small/0003_sm.jpg,https://storage.googleapis.com/horace-comstock/images/thumb/0003_th.jpg,,https://storage.googleapis.com/horace-comstock/images/text/0003.txt
hc_0005,hc_0304,Solo Slip,Horace Comstock,1943-02-19,4,,,war; WWII; Army; correspondence; fighter pilot,"Pine Bluff, Arkansas",34.17702662,-91.93662273,,Image;StillImage,image/jpg,eng,CC BY-NC-ND,https://creativecommons.org/licenses/by-nc-nd/4.0/,,image,https://storage.googleapis.com/horace-comstock/images/full/0004_full.jpg,https://storage.googleapis.com/horace-comstock/images/small/0004_sm.jpg,https://storage.googleapis.com/horace-comstock/images/small/0004_sm.jpg,https://storage.googleapis.com/horace-comstock/images/thumb/0004_th.jpg,,https://storage.googleapis.com/horace-comstock/images/text/0004.txt
hc_0006,hc_0304,Solo Slip,Horace Comstock,1943-02-19,5,,,war; WWII; Army; correspondence; fighter pilot,"San Antonio, Texas",29.424349,-98.491142,,Image;StillImage,image/jpg,eng,CC BY-NC-ND,https://creativecommons.org/licenses/by-nc-nd/4.0/,,image,https://storage.googleapis.com/horace-comstock/images/full/0005_full.jpg,https://storage.googleapis.com/horace-comstock/images/small/0005_sm.jpg,https://storage.googleapis.com/horace-comstock/images/small/0005_sm.jpg,https://storage.googleapis.com/horace-comstock/images/thumb/0005_th.jpg,,https://storage.googleapis.com/horace-comstock/images/text/0005.txt
hc_0007,hc_0305,to family,Horace Comstock,1943-01-09,6,,,war; WWII; Army; correspondence; fighter pilot,"San Antonio, Texas",29.424349,-98.491142,,Image;StillImage,image/jpg,eng,CC BY-NC-ND,https://creativecommons.org/licenses/by-nc-nd/4.0/,,image,https://storage.googleapis.com/horace-comstock/images/full/0006_full.jpg,https://storage.googleapis.com/horace-comstock/images/small/0006_sm.jpg,https://storage.googleapis.com/horace-comstock/images/small/0006_sm.jpg,https://storage.googleapis.com/horace-comstock/images/thumb/0006_th.jpg,,https://storage.googleapis.com/horace-comstock/images/text/0006.txt
hc_0008,hc_0305,to family,Horace Comstock,1943-01-09,7,,,war; WWII; Army; correspondence; fighter pilot,"San Antonio, Texas",29.424349,-98.491142,,Image;StillImage,image/jpg,eng,CC BY-NC-ND,https://creativecommons.org/licenses/by-nc-nd/4.0/,,image,https://storage.googleapis.com/horace-comstock/images/full/0007_full.jpg,https://storage.googleapis.com/horace-comstock/images/small/0007_sm.jpg,https://storage.googleapis.com/horace-comstock/images/small/0007_sm.jpg,https://storage.googleapis.com/horace-comstock/images/thumb/0007_th.jpg,,https://storage.googleapis.com/horace-comstock/images/text/0007.txt
hc_0009,hc_0305,to family,Horace Comstock,1943-01-09,8,,,war; WWII; Army; correspondence; fighter pilot,"San Antonio, Texas",29.424349,-98.491142,,Image;StillImage,image/jpg,eng,CC BY-NC-ND,https://creativecommons.org/licenses/by-nc-nd/4.0/,,image,https://storage.googleapis.com/horace-comstock/images/full/0008_full.jpg,https://storage.googleapis.com/horace-comstock/images/small/0008_sm.jpg,https://storage.googleapis.com/horace-comstock/images/small/0008_sm.jpg,https://storage.googleapis.com/horace-comstock/images/thumb/0008_th.jpg,,https://storage.googleapis.com/horace-comstock/images/text/0008.txt
hc_0010,hc_0305,to family,Horace Comstock,1943-01-09,9,,,war; WWII; Army; correspondence; fighter pilot,"San Antonio, Texas",29.424349,-98.491142,,Image;StillImage,image/jpg,eng,CC BY-NC-ND,https://creativecommons.org/licenses/by-nc-nd/4.0/,,image,https://storage.googleapis.com/horace-comstock/images/full/0009_full.jpg,https://storage.googleapis.com/horace-comstock/images/small/0009_sm.jpg,https://storage.googleapis.com/horace-comstock/images/small/0009_sm.jpg,https://storage.googleapis.com/horace-comstock/images/thumb/0009_th.jpg,,https://storage.googleapis.com/horace-comstock/images/text/0009.txt
hc_0011,hc_0306,to father,Horace Comstock,1943-01-09,10,,,war; WWII; Army; correspondence; fighter pilot,"San Antonio, Texas",29.424349,-98.491142,,Image;StillImage,image/jpg,eng,CC BY-NC-ND,https://creativecommons.org/licenses/by-nc-nd/4.0/,,image,https://storage.googleapis.com/horace-comstock/images/full/0010_full.jpg,https://storage.googleapis.com/horace-comstock/images/small/0010_sm.jpg,https://storage.googleapis.com/horace-comstock/images/small/0010_sm.jpg,https://storage.googleapis.com/horace-comstock/images/thumb/0010_th.jpg,,https://storage.googleapis.com/horace-comstock/images/text/0010.txt
hc_0012,hc_0306,,Horace Comstock,,11,,,war; WWII; Army; correspondence; fighter pilot,"San Antonio, Texas",29.424349,-98.491142,,Image;StillImage,image/jpg,eng,CC BY-NC-ND,https://creativecommons.org/licenses/by-nc-nd/4.0/,,image,https://storage.googleapis.com/horace-comstock/images/full/0011_full.jpg,https://storage.googleapis.com/horace-comstock/images/small/0011_sm.jpg,https://storage.googleapis.com/horace-comstock/images/small/0011_sm.jpg,https://storage.googleapis.com/horace-comstock/images/thumb/0011_th.jpg,,https://storage.googleapis.com/horace-comstock/images/text/0011.txt
hc_0013,hc_0307,,Horace Comstock,,12,,,war; WWII; Army; correspondence; fighter pilot,"Pine Bluff, Arkansas",34.17702662,-91.93662273,,Image;StillImage,image/jpg,eng,CC BY-NC-ND,https://creativecommons.org/licenses/by-nc-nd/4.0/,,image,https://storage.googleapis.com/horace-comstock/images/full/0012_full.jpg,https://storage.googleapis.com/horace-comstock/images/small/0012_sm.jpg,https://storage.googleapis.com/horace-comstock/images/small/0012_sm.jpg,https://storage.googleapis.com/horace-comstock/images/thumb/0012_th.jpg,,https://storage.googleapis.com/horace-comstock/images/text/0012.txt
hc_0014,hc_0307,,Horace Comstock,,13,,,war; WWII; Army; correspondence; fighter pilot,"Pine Bluff, Arkansas",34.17702662,-91.93662273,,Image;StillImage,image/jpg,eng,CC BY-NC-ND,https://creativecommons.org/licenses/by-nc-nd/4.0/,,image,https://storage.googleapis.com/horace-comstock/images/full/0013_full.jpg,https://storage.googleapis.com/horace-comstock/images/small/0013_sm.jpg,https://storage.googleapis.com/horace-comstock/images/small/0013_sm.jpg,https://storage.googleapis.com/horace-comstock/images/thumb/0013_th.jpg,,https://storage.googleapis.com/horace-comstock/images/text/0013.txt
hc_0015,hc_0307,,Horace Comstock,,14,,,war; WWII; Army; correspondence; fighter pilot,"Pine Bluff, Arkansas",34.17702662,-91.93662273,,Image;StillImage,image/jpg,eng,CC BY-NC-ND,https://creativecommons.org/licenses/by-nc-nd/4.0/,,image,https://storage.googleapis.com/horace-comstock/images/full/0014_full.jpg,https://storage.googleapis.com/horace-comstock/images/small/0014_sm.jpg,https://storage.googleapis.com/horace-comstock/images/small/0014_sm.jpg,https://storage.googleapis.com/horace-comstock/images/thumb/0014_th.jpg,,https://storage.googleapis.com/horace-comstock/images/text/0014.txt
hc_0016,hc_0307,,Horace Comstock,,15,,,war; WWII; Army; correspondence; fighter pilot,"Pine Bluff, Arkansas",34.17702662,-91.93662273,,Image;StillImage,image/jpg,eng,CC BY-NC-ND,https://creativecommons.org/licenses/by-nc-nd/4.0/,,image,https://storage.googleapis.com/horace-comstock/images/full/0015_full.jpg,https://storage.googleapis.com/horace-comstock/images/small/0015_sm.jpg,https://storage.googleapis.com/horace-comstock/images/small/0015_sm.jpg,https://storage.googleapis.com/horace-comstock/images/thumb/0015_th.jpg,,https://storage.googleapis.com/horace-comstock/images/text/0015.txt
hc_0017,hc_0308,,Horace Comstock,,16,,,war; WWII; Army; correspondence; fighter pilot,"Pine Bluff, Arkansas",34.17702662,-91.93662273,,Image;StillImage,image/jpg,eng,CC BY-NC-ND,https://creativecommons.org/licenses/by-nc-nd/4.0/,,image,https://storage.googleapis.com/horace-comstock/images/full/0016_full.jpg,https://storage.googleapis.com/horace-comstock/images/small/0016_sm.jpg,https://storage.googleapis.com/horace-comstock/images/small/0016_sm.jpg,https://storage.googleapis.com/horace-comstock/images/thumb/0016_th.jpg,,https://storage.googleapis.com/horace-comstock/images/text/0016.txt
hc_0018,hc_0308,,Horace Comstock,,17,,,war; WWII; Army; correspondence; fighter pilot,"Pine Bluff, Arkansas",34.17702662,-91.93662273,,Image;StillImage,image/jpg,eng,CC BY-NC-ND,https://creativecommons.org/licenses/by-nc-nd/4.0/,,image,https://storage.googleapis.com/horace-comstock/images/full/0017_full.jpg,https://storage.googleapis.com/horace-comstock/images/small/0017_sm.jpg,https://storage.googleapis.com/horace-comstock/images/small/0017_sm.jpg,https://storage.googleapis.com/horace-comstock/images/thumb/0017_th.jpg,,https://storage.googleapis.com/horace-comstock/images/text/0017.txt
hc_0019,hc_0308,,Horace Comstock,,18,,,war; WWII; Army; correspondence; fighter pilot,"Pine Bluff, Arkansas",34.17702662,-91.93662273,,Image;StillImage,image/jpg,eng,CC BY-NC-ND,https://creativecommons.org/licenses/by-nc-nd/4.0/,,image,https://storage.googleapis.com/horace-comstock/images/full/0018_full.jpg,https://storage.googleapis.com/horace-comstock/images/small/0018_sm.jpg,https://storage.googleapis.com/horace-comstock/images/small/0018_sm.jpg,https://storage.googleapis.com/horace-comstock/images/thumb/0018_th.jpg,,https://storage.googleapis.com/horace-comstock/images/text/0018.txt
hc_0020,hc_0308,,Horace Comstock,,19,,,war; WWII; Army; correspondence; fighter pilot,"Pine Bluff, Arkansas",34.17702662,-91.93662273,,Image;StillImage,image/jpg,eng,CC BY-NC-ND,https://creativecommons.org/licenses/by-nc-nd/4.0/,,image,https://storage.googleapis.com/horace-comstock/images/full/0019_full.jpg,https://storage.googleapis.com/horace-comstock/images/small/0019_sm.jpg,https://storage.googleapis.com/horace-comstock/images/small/0019_sm.jpg,https://storage.googleapis.com/horace-comstock/images/thumb/0019_th.jpg,,https://storage.googleapis.com/horace-comstock/images/text/0019.txt
hc_0021,,,Horace Comstock,,20,,,war; WWII; Army; correspondence; fighter pilot,,,,,Image;StillImage,image/jpg,eng,CC BY-NC-ND,https://creativecommons.org/licenses/by-nc-nd/4.0/,,image,https://storage.googleapis.com/horace-comstock/images/full/0020_full.jpg,https://storage.googleapis.com/horace-comstock/images/small/0020_sm.jpg,https://storage.googleapis.com/horace-comstock/images/small/0020_sm.jpg,https://storage.googleapis.com/horace-comstock/images/thumb/0020_th.jpg,,https://storage.googleapis.com/horace-comstock/images/text/0020.txt
hc_0022,,,Horace Comstock,,21,,,war; WWII; Army; correspondence; fighter pilot,,,,,Image;StillImage,image/jpg,eng,CC BY-NC-ND,https://creativecommons.org/licenses/by-nc-nd/4.0/,,image,https://storage.googleapis.com/horace-comstock/images/full/0021_full.jpg,https://storage.googleapis.com/horace-comstock/images/small/0021_sm.jpg,https://storage.googleapis.com/horace-comstock/images/small/0021_sm.jpg,https://storage.googleapis.com/horace-comstock/images/thumb/0021_th.jpg,,https://storage.googleapis.com/horace-comstock/images/text/0021.txt
hc_0023,,,Horace Comstock,,22,,,war; WWII; Army; correspondence; fighter pilot,,,,,Image;StillImage,image/jpg,eng,CC BY-NC-ND,https://creativecommons.org/licenses/by-nc-nd/4.0/,,image,https://storage.googleapis.com/horace-comstock/images/full/0022_full.jpg,https://storage.googleapis.com/horace-comstock/images/small/0022_sm.jpg,https://storage.googleapis.com/horace-comstock/images/small/0022_sm.jpg,https://storage.googleapis.com/horace-comstock/images/thumb/0022_th.jpg,,https://storage.googleapis.com/horace-comstock/images/text/0022.txt
hc_0024,,,Horace Comstock,,23,,,war; WWII; Army; correspondence; fighter pilot,,,,,Image;StillImage,image/jpg,eng,CC BY-NC-ND,https://creativecommons.org/licenses/by-nc-nd/4.0/,,image,https://storage.googleapis.com/horace-comstock/images/full/0023_full.jpg,https://storage.googleapis.com/horace-comstock/images/small/0023_sm.jpg,https://storage.googleapis.com/horace-comstock/images/small/0023_sm.jpg,https://storage.googleapis.com/horace-comstock/images/thumb/0023_th.jpg,,https://storage.googleapis.com/horace-comstock/images/text/0023.txt
hc_0025,,,Horace Comstock,,24,,,war; WWII; Army; correspondence; fighter pilot,,,,,Image;StillImage,image/jpg,eng,CC BY-NC-ND,https://creativecommons.org/licenses/by-nc-nd/4.0/,,image,https://storage.googleapis.com/horace-comstock/images/full/0024_full.jpg,https://storage.googleapis.com/horace-comstock/images/small/0024_sm.jpg,https://storage.googleapis.com/horace-comstock/images/small/0024_sm.jpg,https://storage.googleapis.com/horace-comstock/images/thumb/0024_th.jpg,,https://storage.googleapis.com/horace-comstock/images/text/0024.txt
hc_0026,,,Horace Comstock,,25,,,war; WWII; Army; correspondence; fighter pilot,,,,,Image;StillImage,image/jpg,eng,CC BY-NC-ND,https://creativecommons.org/licenses/by-nc-nd/4.0/,,image,https://storage.googleapis.com/horace-comstock/images/full/0025_full.jpg,https://storage.googleapis.com/horace-comstock/images/small/0025_sm.jpg,https://storage.googleapis.com/horace-comstock/images/small/0025_sm.jpg,https://storage.googleapis.com/horace-comstock/images/thumb/0025_th.jpg,,https://storage.googleapis.com/horace-comstock/images/text/0025.txt
hc_0027,,,Horace Comstock,,26,,,war; WWII; Army; correspondence; fighter pilot,,,,,Image;StillImage,image/jpg,eng,CC BY-NC-ND,https://creativecommons.org/licenses/by-nc-nd/4.0/,,image,https://storage.googleapis.com/horace-comstock/images/full/0026_full.jpg,https://storage.googleapis.com/horace-comstock/images/small/0026_sm.jpg,https://storage.googleapis.com/horace-comstock/images/small/0026_sm.jpg,https://storage.googleapis.com/horace-comstock/images/thumb/0026_th.jpg,,https://storage.googleapis.com/horace-comstock/images/text/0026.txt
hc_0028,,,Horace Comstock,,27,,,war; WWII; Army; correspondence; fighter pilot,,,,,Image;StillImage,image/jpg,eng,CC BY-NC-ND,https://creativecommons.org/licenses/by-nc-nd/4.0/,,image,https://storage.googleapis.com/horace-comstock/images/full/0027_full.jpg,https://storage.googleapis.com/horace-comstock/images/small/0027_sm.jpg,https://storage.googleapis.com/horace-comstock/images/small/0027_sm.jpg,https://storage.googleapis.com/horace-comstock/images/thumb/0027_th.jpg,,https://storage.googleapis.com/horace-comstock/images/text/0027.txt
hc_0029,,,Horace Comstock,,28,,,war; WWII; Army; correspondence; fighter pilot,,,,,Image;StillImage,image/jpg,eng,CC BY-NC-ND,https://creativecommons.org/licenses/by-nc-nd/4.0/,,image,https://storage.googleapis.com/horace-comstock/images/full/0028_full.jpg,https://storage.googleapis.com/horace-comstock/images/small/0028_sm.jpg,https://storage.googleapis.com/horace-comstock/images/small/0028_sm.jpg,https://storage.googleapis.com/horace-comstock/images/thumb/0028_th.jpg,,https://storage.googleapis.com/horace-comstock/images/text/0028.txt
hc_0030,,,Horace Comstock,,29,,,war; WWII; Army; correspondence; fighter pilot,,,,,Image;StillImage,image/jpg,eng,CC BY-NC-ND,https://creativecommons.org/licenses/by-nc-nd/4.0/,,image,https://storage.googleapis.com/horace-comstock/images/full/0029_full.jpg,https://storage.googleapis.com/horace-comstock/images/small/0029_sm.jpg,https://storage.googleapis.com/horace-comstock/images/small/0029_sm.jpg,https://storage.googleapis.com/horace-comstock/images/thumb/0029_th.jpg,,https://storage.googleapis.com/horace-comstock/images/text/0029.txt
hc_0031,,,Horace Comstock,,30,,,war; WWII; Army; correspondence; fighter pilot,,,,,Image;StillImage,image/jpg,eng,CC BY-NC-ND,https://creativecommons.org/licenses/by-nc-nd/4.0/,,image,https://storage.googleapis.com/horace-comstock/images/full/0030_full.jpg,https://storage.googleapis.com/horace-comstock/images/small/0030_sm.jpg,https://storage.googleapis.com/horace-comstock/images/small/0030_sm.jpg,https://storage.googleapis.com/horace-comstock/images/thumb/0030_th.jpg,,https://storage.googleapis.com/horace-comstock/images/text/0030.txt
hc_0032,,,Horace Comstock,,31,,,war; WWII; Army; correspondence; fighter pilot,,,,,Image;StillImage,image/jpg,eng,CC BY-NC-ND,https://creativecommons.org/licenses/by-nc-nd/4.0/,,image,https://storage.googleapis.com/horace-comstock/images/full/0031_full.jpg,https://storage.googleapis.com/horace-comstock/images/small/0031_sm.jpg,https://storage.googleapis.com/horace-comstock/images/small/0031_sm.jpg,https://storage.googleapis.com/horace-comstock/images/thumb/0031_th.jpg,,https://storage.googleapis.com/horace-comstock/images/text/0031.txt
hc_0033,,,Horace Comstock,,32,,,war; WWII; Army; correspondence; fighter pilot,,,,,Image;StillImage,image/jpg,eng,CC BY-NC-ND,https://creativecommons.org/licenses/by-nc-nd/4.0/,,image,https://storage.googleapis.com/horace-comstock/images/full/0032_full.jpg,https://storage.googleapis.com/horace-comstock/images/small/0032_sm.jpg,https://storage.googleapis.com/horace-comstock/images/small/0032_sm.jpg,https://storage.googleapis.com/horace-comstock/images/thumb/0032_th.jpg,,https://storage.googleapis.com/horace-comstock/images/text/0032.txt
hc_0034,,,Horace Comstock,,33,,,war; WWII; Army; correspondence; fighter pilot,,,,,Image;StillImage,image/jpg,eng,CC BY-NC-ND,https://creativecommons.org/licenses/by-nc-nd/4.0/,,image,https://storage.googleapis.com/horace-comstock/images/full/0033_full.jpg,https://storage.googleapis.com/horace-comstock/images/small/0033_sm.jpg,https://storage.googleapis.com/horace-comstock/images/small/0033_sm.jpg,https://storage.googleapis.com/horace-comstock/images/thumb/0033_th.jpg,,https://storage.googleapis.com/horace-comstock/images/text/0033.txt
hc_0035,,,Horace Comstock,,34,,,war; WWII; Army; correspondence; fighter pilot,,,,,Image;StillImage,image/jpg,eng,CC BY-NC-ND,https://creativecommons.org/licenses/by-nc-nd/4.0/,,image,https://storage.googleapis.com/horace-comstock/images/full/0034_full.jpg,https://storage.googleapis.com/horace-comstock/images/small/0034_sm.jpg,https://storage.googleapis.com/horace-comstock/images/small/0034_sm.jpg,https://storage.googleapis.com/horace-comstock/images/thumb/0034_th.jpg,,https://storage.googleapis.com/horace-comstock/images/text/0034.txt
hc_0036,,,Horace Comstock,,35,,,war; WWII; Army; correspondence; fighter pilot,,,,,Image;StillImage,image/jpg,eng,CC BY-NC-ND,https://creativecommons.org/licenses/by-nc-nd/4.0/,,image,https://storage.googleapis.com/horace-comstock/images/full/0035_full.jpg,https://storage.googleapis.com/horace-comstock/images/small/0035_sm.jpg,https://storage.googleapis.com/horace-comstock/images/small/0035_sm.jpg,https://storage.googleapis.com/horace-comstock/images/thumb/0035_th.jpg,,https://storage.googleapis.com/horace-comstock/images/text/0035.txt
hc_0037,,,Horace Comstock,,36,,,war; WWII; Army; correspondence; fighter pilot,,,,,Image;StillImage,image/jpg,eng,CC BY-NC-ND,https://creativecommons.org/licenses/by-nc-nd/4.0/,,image,https://storage.googleapis.com/horace-comstock/images/full/0036_full.jpg,https://storage.googleapis.com/horace-comstock/images/small/0036_sm.jpg,https://storage.googleapis.com/horace-comstock/images/small/0036_sm.jpg,https://storage.googleapis.com/horace-comstock/images/thumb/0036_th.jpg,,https://storage.googleapis.com/horace-comstock/images/text/0036.txt
hc_0038,,,Horace Comstock,,37,,,war; WWII; Army; correspondence; fighter pilot,,,,,Image;StillImage,image/jpg,eng,CC BY-NC-ND,https://creativecommons.org/licenses/by-nc-nd/4.0/,,image,https://storage.googleapis.com/horace-comstock/images/full/0037_full.jpg,https://storage.googleapis.com/horace-comstock/images/small/0037_sm.jpg,https://storage.googleapis.com/horace-comstock/images/small/0037_sm.jpg,https://storage.googleapis.com/horace-comstock/images/thumb/0037_th.jpg,,https://storage.googleapis.com/horace-comstock/images/text/0037.txt
hc_0039,,,Horace Comstock,,38,,,war; WWII; Army; correspondence; fighter pilot,,,,,Image;StillImage,image/jpg,eng,CC BY-NC-ND,https://creativecommons.org/licenses/by-nc-nd/4.0/,,image,https://storage.googleapis.com/horace-comstock/images/full/0038_full.jpg,https://storage.googleapis.com/horace-comstock/images/small/0038_sm.jpg,https://storage.googleapis.com/horace-comstock/images/small/0038_sm.jpg,https://storage.googleapis.com/horace-comstock/images/thumb/0038_th.jpg,,https://storage.googleapis.com/horace-comstock/images/text/0038.txt
hc_0040,,,Horace Comstock,,39,,,war; WWII; Army; correspondence; fighter pilot,,,,,Image;StillImage,image/jpg,eng,CC BY-NC-ND,https://creativecommons.org/licenses/by-nc-nd/4.0/,,image,https://storage.googleapis.com/horace-comstock/images/full/0039_full.jpg,https://storage.googleapis.com/horace-comstock/images/small/0039_sm.jpg,https://storage.googleapis.com/horace-comstock/images/small/0039_sm.jpg,https://storage.googleapis.com/horace-comstock/images/thumb/0039_th.jpg,,https://storage.googleapis.com/horace-comstock/images/text/0039.txt
hc_0041,,,Horace Comstock,,40,,,war; WWII; Army; correspondence; fighter pilot,,,,,Image;StillImage,image/jpg,eng,CC BY-NC-ND,https://creativecommons.org/licenses/by-nc-nd/4.0/,,image,https://storage.googleapis.com/horace-comstock/images/full/0040_full.jpg,https://storage.googleapis.com/horace-comstock/images/small/0040_sm.jpg,https://storage.googleapis.com/horace-comstock/images/small/0040_sm.jpg,https://storage.googleapis.com/horace-comstock/images/thumb/0040_th.jpg,,https://storage.googleapis.com/horace-comstock/images/text/0040.txt
hc_0042,,,Horace Comstock,,41,,,war; WWII; Army; correspondence; fighter pilot,,,,,Image;StillImage,image/jpg,eng,CC BY-NC-ND,https://creativecommons.org/licenses/by-nc-nd/4.0/,,image,https://storage.googleapis.com/horace-comstock/images/full/0041_full.jpg,https://storage.googleapis.com/horace-comstock/images/small/0041_sm.jpg,https://storage.googleapis.com/horace-comstock/images/small/0041_sm.jpg,https://storage.googleapis.com/horace-comstock/images/thumb/0041_th.jpg,,https://storage.googleapis.com/horace-comstock/images/text/0041.txt
hc_0043,,,Horace Comstock,,42,,,war; WWII; Army; correspondence; fighter pilot,,,,,Image;StillImage,image/jpg,eng,CC BY-NC-ND,https://creativecommons.org/licenses/by-nc-nd/4.0/,,image,https://storage.googleapis.com/horace-comstock/images/full/0042_full.jpg,https://storage.googleapis.com/horace-comstock/images/small/0042_sm.jpg,https://storage.googleapis.com/horace-comstock/images/small/0042_sm.jpg,https://storage.googleapis.com/horace-comstock/images/thumb/0042_th.jpg,,https://storage.googleapis.com/horace-comstock/images/text/0042.txt
hc_0044,,,Horace Comstock,,43,,,war; WWII; Army; correspondence; fighter pilot,,,,,Image;StillImage,image/jpg,eng,CC BY-NC-ND,https://creativecommons.org/licenses/by-nc-nd/4.0/,,image,https://storage.googleapis.com/horace-comstock/images/full/0043_full.jpg,https://storage.googleapis.com/horace-comstock/images/small/0043_sm.jpg,https://storage.googleapis.com/horace-comstock/images/small/0043_sm.jpg,https://storage.googleapis.com/horace-comstock/images/thumb/0043_th.jpg,,https://storage.googleapis.com/horace-comstock/images/text/0043.txt
hc_0045,,,Horace Comstock,,44,,,war; WWII; Army; correspondence; fighter pilot,,,,,Image;StillImage,image/jpg,eng,CC BY-NC-ND,https://creativecommons.org/licenses/by-nc-nd/4.0/,,image,https://storage.googleapis.com/horace-comstock/images/full/0044_full.jpg,https://storage.googleapis.com/horace-comstock/images/small/0044_sm.jpg,https://storage.googleapis.com/horace-comstock/images/small/0044_sm.jpg,https://storage.googleapis.com/horace-comstock/images/thumb/0044_th.jpg,,https://storage.googleapis.com/horace-comstock/images/text/0044.txt
hc_0046,,,Horace Comstock,,45,,,war; WWII; Army; correspondence; fighter pilot,,,,,Image;StillImage,image/jpg,eng,CC BY-NC-ND,https://creativecommons.org/licenses/by-nc-nd/4.0/,,image,https://storage.googleapis.com/horace-comstock/images/full/0045_full.jpg,https://storage.googleapis.com/horace-comstock/images/small/0045_sm.jpg,https://storage.googleapis.com/horace-comstock/images/small/0045_sm.jpg,https://storage.googleapis.com/horace-comstock/images/thumb/0045_th.jpg,,https://storage.googleapis.com/horace-comstock/images/text/0045.txt
hc_0047,,,Horace Comstock,,46,,,war; WWII; Army; correspondence; fighter pilot,,,,,Image;StillImage,image/jpg,eng,CC BY-NC-ND,https://creativecommons.org/licenses/by-nc-nd/4.0/,,image,https://storage.googleapis.com/horace-comstock/images/full/0046_full.jpg,https://storage.googleapis.com/horace-comstock/images/small/0046_sm.jpg,https://storage.googleapis.com/horace-comstock/images/small/0046_sm.jpg,https://storage.googleapis.com/horace-comstock/images/thumb/0046_th.jpg,,https://storage.googleapis.com/horace-comstock/images/text/0046.txt
hc_0048,,,Horace Comstock,,47,,,war; WWII; Army; correspondence; fighter pilot,,,,,Image;StillImage,image/jpg,eng,CC BY-NC-ND,https://creativecommons.org/licenses/by-nc-nd/4.0/,,image,https://storage.googleapis.com/horace-comstock/images/full/0047_full.jpg,https://storage.googleapis.com/horace-comstock/images/small/0047_sm.jpg,https://storage.googleapis.com/horace-comstock/images/small/0047_sm.jpg,https://storage.googleapis.com/horace-comstock/images/thumb/0047_th.jpg,,https://storage.googleapis.com/horace-comstock/images/text/0047.txt
hc_0049,,,Horace Comstock,,48,,,war; WWII; Army; correspondence; fighter pilot,,,,,Image;StillImage,image/jpg,eng,CC BY-NC-ND,https://creativecommons.org/licenses/by-nc-nd/4.0/,,image,https://storage.googleapis.com/horace-comstock/images/full/0048_full.jpg,https://storage.googleapis.com/horace-comstock/images/small/0048_sm.jpg,https://storage.googleapis.com/horace-comstock/images/small/0048_sm.jpg,https://storage.googleapis.com/horace-comstock/images/thumb/0048_th.jpg,,https://storage.googleapis.com/horace-comstock/images/text/0048.txt
hc_0050,,,Horace Comstock,,49,,,war; WWII; Army; correspondence; fighter pilot,,,,,Image;StillImage,image/jpg,eng,CC BY-NC-ND,https://creativecommons.org/licenses/by-nc-nd/4.0/,,image,https://storage.googleapis.com/horace-comstock/images/full/0049_full.jpg,https://storage.googleapis.com/horace-comstock/images/small/0049_sm.jpg,https://storage.googleapis.com/horace-comstock/images/small/0049_sm.jpg,https://storage.googleapis.com/horace-comstock/images/thumb/0049_th.jpg,,https://storage.googleapis.com/horace-comstock/images/text/0049.txt
hc_0051,,,Horace Comstock,,50,,,war; WWII; Army; correspondence; fighter pilot,,,,,Image;StillImage,image/jpg,eng,CC BY-NC-ND,https://creativecommons.org/licenses/by-nc-nd/4.0/,,image,https://storage.googleapis.com/horace-comstock/images/full/0050_full.jpg,https://storage.googleapis.com/horace-comstock/images/small/0050_sm.jpg,https://storage.googleapis.com/horace-comstock/images/small/0050_sm.jpg,https://storage.googleapis.com/horace-comstock/images/thumb/0050_th.jpg,,https://storage.googleapis.com/horace-comstock/images/text/0050.txt
hc_0052,,,Horace Comstock,,51,,,war; WWII; Army; correspondence; fighter pilot,,,,,Image;StillImage,image/jpg,eng,CC BY-NC-ND,https://creativecommons.org/licenses/by-nc-nd/4.0/,,image,https://storage.googleapis.com/horace-comstock/images/full/0051_full.jpg,https://storage.googleapis.com/horace-comstock/images/small/0051_sm.jpg,https://storage.googleapis.com/horace-comstock/images/small/0051_sm.jpg,https://storage.googleapis.com/horace-comstock/images/thumb/0051_th.jpg,,https://storage.googleapis.com/horace-comstock/images/text/0051.txt
hc_0053,,,Horace Comstock,,52,,,war; WWII; Army; correspondence; fighter pilot,,,,,Image;StillImage,image/jpg,eng,CC BY-NC-ND,https://creativecommons.org/licenses/by-nc-nd/4.0/,,image,https://storage.googleapis.com/horace-comstock/images/full/0052_full.jpg,https://storage.googleapis.com/horace-comstock/images/small/0052_sm.jpg,https://storage.googleapis.com/horace-comstock/images/small/0052_sm.jpg,https://storage.googleapis.com/horace-comstock/images/thumb/0052_th.jpg,,https://storage.googleapis.com/horace-comstock/images/text/0052.txt
hc_0054,,,Horace Comstock,,53,,,war; WWII; Army; correspondence; fighter pilot,,,,,Image;StillImage,image/jpg,eng,CC BY-NC-ND,https://creativecommons.org/licenses/by-nc-nd/4.0/,,image,https://storage.googleapis.com/horace-comstock/images/full/0053_full.jpg,https://storage.googleapis.com/horace-comstock/images/small/0053_sm.jpg,https://storage.googleapis.com/horace-comstock/images/small/0053_sm.jpg,https://storage.googleapis.com/horace-comstock/images/thumb/0053_th.jpg,,https://storage.googleapis.com/horace-comstock/images/text/0053.txt
hc_0055,,,Horace Comstock,,54,,,war; WWII; Army; correspondence; fighter pilot,,,,,Image;StillImage,image/jpg,eng,CC BY-NC-ND,https://creativecommons.org/licenses/by-nc-nd/4.0/,,image,https://storage.googleapis.com/horace-comstock/images/full/0054_full.jpg,https://storage.googleapis.com/horace-comstock/images/small/0054_sm.jpg,https://storage.googleapis.com/horace-comstock/images/small/0054_sm.jpg,https://storage.googleapis.com/horace-comstock/images/thumb/0054_th.jpg,,https://storage.googleapis.com/horace-comstock/images/text/0054.txt
hc_0056,,,Horace Comstock,,55,,,war; WWII; Army; correspondence; fighter pilot,,,,,Image;StillImage,image/jpg,eng,CC BY-NC-ND,https://creativecommons.org/licenses/by-nc-nd/4.0/,,image,https://storage.googleapis.com/horace-comstock/images/full/0055_full.jpg,https://storage.googleapis.com/horace-comstock/images/small/0055_sm.jpg,https://storage.googleapis.com/horace-comstock/images/small/0055_sm.jpg,https://storage.googleapis.com/horace-comstock/images/thumb/0055_th.jpg,,https://storage.googleapis.com/horace-comstock/images/text/0055.txt
hc_0057,,,Horace Comstock,,56,,,war; WWII; Army; correspondence; fighter pilot,,,,,Image;StillImage,image/jpg,eng,CC BY-NC-ND,https://creativecommons.org/licenses/by-nc-nd/4.0/,,image,https://storage.googleapis.com/horace-comstock/images/full/0056_full.jpg,https://storage.googleapis.com/horace-comstock/images/small/0056_sm.jpg,https://storage.googleapis.com/horace-comstock/images/small/0056_sm.jpg,https://storage.googleapis.com/horace-comstock/images/thumb/0056_th.jpg,,https://storage.googleapis.com/horace-comstock/images/text/0056.txt
hc_0058,,,Horace Comstock,,57,,,war; WWII; Army; correspondence; fighter pilot,,,,,Image;StillImage,image/jpg,eng,CC BY-NC-ND,https://creativecommons.org/licenses/by-nc-nd/4.0/,,image,https://storage.googleapis.com/horace-comstock/images/full/0057_full.jpg,https://storage.googleapis.com/horace-comstock/images/small/0057_sm.jpg,https://storage.googleapis.com/horace-comstock/images/small/0057_sm.jpg,https://storage.googleapis.com/horace-comstock/images/thumb/0057_th.jpg,,https://storage.googleapis.com/horace-comstock/images/text/0057.txt
hc_0059,,,Horace Comstock,,58,,,war; WWII; Army; correspondence; fighter pilot,,,,,Image;StillImage,image/jpg,eng,CC BY-NC-ND,https://creativecommons.org/licenses/by-nc-nd/4.0/,,image,https://storage.googleapis.com/horace-comstock/images/full/0058_full.jpg,https://storage.googleapis.com/horace-comstock/images/small/0058_sm.jpg,https://storage.googleapis.com/horace-comstock/images/small/0058_sm.jpg,https://storage.googleapis.com/horace-comstock/images/thumb/0058_th.jpg,,https://storage.googleapis.com/horace-comstock/images/text/0058.txt
hc_0060,,,Horace Comstock,,59,,,war; WWII; Army; correspondence; fighter pilot,,,,,Image;StillImage,image/jpg,eng,CC BY-NC-ND,https://creativecommons.org/licenses/by-nc-nd/4.0/,,image,https://storage.googleapis.com/horace-comstock/images/full/0059_full.jpg,https://storage.googleapis.com/horace-comstock/images/small/0059_sm.jpg,https://storage.googleapis.com/horace-comstock/images/small/0059_sm.jpg,https://storage.googleapis.com/horace-comstock/images/thumb/0059_th.jpg,,https://storage.googleapis.com/horace-comstock/images/text/0059.txt
hc_0061,,,Horace Comstock,,60,,,war; WWII; Army; correspondence; fighter pilot,,,,,Image;StillImage,image/jpg,eng,CC BY-NC-ND,https://creativecommons.org/licenses/by-nc-nd/4.0/,,image,https://storage.googleapis.com/horace-comstock/images/full/0060_full.jpg,https://storage.googleapis.com/horace-comstock/images/small/0060_sm.jpg,https://storage.googleapis.com/horace-comstock/images/small/0060_sm.jpg,https://storage.googleapis.com/horace-comstock/images/thumb/0060_th.jpg,,https://storage.googleapis.com/horace-comstock/images/text/0060.txt
hc_0062,,,Horace Comstock,,61,,,war; WWII; Army; correspondence; fighter pilot,,,,,Image;StillImage,image/jpg,eng,CC BY-NC-ND,https://creativecommons.org/licenses/by-nc-nd/4.0/,,image,https://storage.googleapis.com/horace-comstock/images/full/0061_full.jpg,https://storage.googleapis.com/horace-comstock/images/small/0061_sm.jpg,https://storage.googleapis.com/horace-comstock/images/small/0061_sm.jpg,https://storage.googleapis.com/horace-comstock/images/thumb/0061_th.jpg,,https://storage.googleapis.com/horace-comstock/images/text/0061.txt
hc_0063,,,Horace Comstock,,62,,,war; WWII; Army; correspondence; fighter pilot,,,,,Image;StillImage,image/jpg,eng,CC BY-NC-ND,https://creativecommons.org/licenses/by-nc-nd/4.0/,,image,https://storage.googleapis.com/horace-comstock/images/full/0062_full.jpg,https://storage.googleapis.com/horace-comstock/images/small/0062_sm.jpg,https://storage.googleapis.com/horace-comstock/images/small/0062_sm.jpg,https://storage.googleapis.com/horace-comstock/images/thumb/0062_th.jpg,,https://storage.googleapis.com/horace-comstock/images/text/0062.txt
hc_0064,,,Horace Comstock,,63,,,war; WWII; Army; correspondence; fighter pilot,,,,,Image;StillImage,image/jpg,eng,CC BY-NC-ND,https://creativecommons.org/licenses/by-nc-nd/4.0/,,image,https://storage.googleapis.com/horace-comstock/images/full/0063_full.jpg,https://storage.googleapis.com/horace-comstock/images/small/0063_sm.jpg,https://storage.googleapis.com/horace-comstock/images/small/0063_sm.jpg,https://storage.googleapis.com/horace-comstock/images/thumb/0063_th.jpg,,https://storage.googleapis.com/horace-comstock/images/text/0063.txt
hc_0065,,,Horace Comstock,,64,,,war; WWII; Army; correspondence; fighter pilot,,,,,Image;StillImage,image/jpg,eng,CC BY-NC-ND,https://creativecommons.org/licenses/by-nc-nd/4.0/,,image,https://storage.googleapis.com/horace-comstock/images/full/0064_full.jpg,https://storage.googleapis.com/horace-comstock/images/small/0064_sm.jpg,https://storage.googleapis.com/horace-comstock/images/small/0064_sm.jpg,https://storage.googleapis.com/horace-comstock/images/thumb/0064_th.jpg,,https://storage.googleapis.com/horace-comstock/images/text/0064.txt
hc_0066,,,Horace Comstock,,65,,,war; WWII; Army; correspondence; fighter pilot,,,,,Image;StillImage,image/jpg,eng,CC BY-NC-ND,https://creativecommons.org/licenses/by-nc-nd/4.0/,,image,https://storage.googleapis.com/horace-comstock/images/full/0065_full.jpg,https://storage.googleapis.com/horace-comstock/images/small/0065_sm.jpg,https://storage.googleapis.com/horace-comstock/images/small/0065_sm.jpg,https://storage.googleapis.com/horace-comstock/images/thumb/0065_th.jpg,,https://storage.googleapis.com/horace-comstock/images/text/0065.txt
hc_0067,,,Horace Comstock,,66,,,war; WWII; Army; correspondence; fighter pilot,,,,,Image;StillImage,image/jpg,eng,CC BY-NC-ND,https://creativecommons.org/licenses/by-nc-nd/4.0/,,image,https://storage.googleapis.com/horace-comstock/images/full/0066_full.jpg,https://storage.googleapis.com/horace-comstock/images/small/0066_sm.jpg,https://storage.googleapis.com/horace-comstock/images/small/0066_sm.jpg,https://storage.googleapis.com/horace-comstock/images/thumb/0066_th.jpg,,https://storage.googleapis.com/horace-comstock/images/text/0066.txt
hc_0068,,,Horace Comstock,,67,,,war; WWII; Army; correspondence; fighter pilot,,,,,Image;StillImage,image/jpg,eng,CC BY-NC-ND,https://creativecommons.org/licenses/by-nc-nd/4.0/,,image,https://storage.googleapis.com/horace-comstock/images/full/0067_full.jpg,https://storage.googleapis.com/horace-comstock/images/small/0067_sm.jpg,https://storage.googleapis.com/horace-comstock/images/small/0067_sm.jpg,https://storage.googleapis.com/horace-comstock/images/thumb/0067_th.jpg,,https://storage.googleapis.com/horace-comstock/images/text/0067.txt
hc_0069,,,Horace Comstock,,68,,,war; WWII; Army; correspondence; fighter pilot,,,,,Image;StillImage,image/jpg,eng,CC BY-NC-ND,https://creativecommons.org/licenses/by-nc-nd/4.0/,,image,https://storage.googleapis.com/horace-comstock/images/full/0068_full.jpg,https://storage.googleapis.com/horace-comstock/images/small/0068_sm.jpg,https://storage.googleapis.com/horace-comstock/images/small/0068_sm.jpg,https://storage.googleapis.com/horace-comstock/images/thumb/0068_th.jpg,,https://storage.googleapis.com/horace-comstock/images/text/0068.txt
hc_0070,,,Horace Comstock,,69,,,war; WWII; Army; correspondence; fighter pilot,,,,,Image;StillImage,image/jpg,eng,CC BY-NC-ND,https://creativecommons.org/licenses/by-nc-nd/4.0/,,image,https://storage.googleapis.com/horace-comstock/images/full/0069_full.jpg,https://storage.googleapis.com/horace-comstock/images/small/0069_sm.jpg,https://storage.googleapis.com/horace-comstock/images/small/0069_sm.jpg,https://storage.googleapis.com/horace-comstock/images/thumb/0069_th.jpg,,https://storage.googleapis.com/horace-comstock/images/text/0069.txt
hc_0071,,,Horace Comstock,,70,,,war; WWII; Army; correspondence; fighter pilot,,,,,Image;StillImage,image/jpg,eng,CC BY-NC-ND,https://creativecommons.org/licenses/by-nc-nd/4.0/,,image,https://storage.googleapis.com/horace-comstock/images/full/0070_full.jpg,https://storage.googleapis.com/horace-comstock/images/small/0070_sm.jpg,https://storage.googleapis.com/horace-comstock/images/small/0070_sm.jpg,https://storage.googleapis.com/horace-comstock/images/thumb/0070_th.jpg,,https://storage.googleapis.com/horace-comstock/images/text/0070.txt
hc_0072,,,Horace Comstock,,71,,,war; WWII; Army; correspondence; fighter pilot,,,,,Image;StillImage,image/jpg,eng,CC BY-NC-ND,https://creativecommons.org/licenses/by-nc-nd/4.0/,,image,https://storage.googleapis.com/horace-comstock/images/full/0071_full.jpg,https://storage.googleapis.com/horace-comstock/images/small/0071_sm.jpg,https://storage.googleapis.com/horace-comstock/images/small/0071_sm.jpg,https://storage.googleapis.com/horace-comstock/images/thumb/0071_th.jpg,,https://storage.googleapis.com/horace-comstock/images/text/0071.txt
hc_0073,,,Horace Comstock,,72,,,war; WWII; Army; correspondence; fighter pilot,,,,,Image;StillImage,image/jpg,eng,CC BY-NC-ND,https://creativecommons.org/licenses/by-nc-nd/4.0/,,image,https://storage.googleapis.com/horace-comstock/images/full/0072_full.jpg,https://storage.googleapis.com/horace-comstock/images/small/0072_sm.jpg,https://storage.googleapis.com/horace-comstock/images/small/0072_sm.jpg,https://storage.googleapis.com/horace-comstock/images/thumb/0072_th.jpg,,https://storage.googleapis.com/horace-comstock/images/text/0072.txt
hc_0074,,,Horace Comstock,,73,,,war; WWII; Army; correspondence; fighter pilot,,,,,Image;StillImage,image/jpg,eng,CC BY-NC-ND,https://creativecommons.org/licenses/by-nc-nd/4.0/,,image,https://storage.googleapis.com/horace-comstock/images/full/0073_full.jpg,https://storage.googleapis.com/horace-comstock/images/small/0073_sm.jpg,https://storage.googleapis.com/horace-comstock/images/small/0073_sm.jpg,https://storage.googleapis.com/horace-comstock/images/thumb/0073_th.jpg,,https://storage.googleapis.com/horace-comstock/images/text/0073.txt
hc_0075,,,Horace Comstock,,74,,,war; WWII; Army; correspondence; fighter pilot,,,,,Image;StillImage,image/jpg,eng,CC BY-NC-ND,https://creativecommons.org/licenses/by-nc-nd/4.0/,,image,https://storage.googleapis.com/horace-comstock/images/full/0074_full.jpg,https://storage.googleapis.com/horace-comstock/images/small/0074_sm.jpg,https://storage.googleapis.com/horace-comstock/images/small/0074_sm.jpg,https://storage.googleapis.com/horace-comstock/images/thumb/0074_th.jpg,,https://storage.googleapis.com/horace-comstock/images/text/0074.txt
hc_0076,,,Horace Comstock,,75,,,war; WWII; Army; correspondence; fighter pilot,,,,,Image;StillImage,image/jpg,eng,CC BY-NC-ND,https://creativecommons.org/licenses/by-nc-nd/4.0/,,image,https://storage.googleapis.com/horace-comstock/images/full/0075_full.jpg,https://storage.googleapis.com/horace-comstock/images/small/0075_sm.jpg,https://storage.googleapis.com/horace-comstock/images/small/0075_sm.jpg,https://storage.googleapis.com/horace-comstock/images/thumb/0075_th.jpg,,https://storage.googleapis.com/horace-comstock/images/text/0075.txt
hc_0077,,,Horace Comstock,,76,,,war; WWII; Army; correspondence; fighter pilot,,,,,Image;StillImage,image/jpg,eng,CC BY-NC-ND,https://creativecommons.org/licenses/by-nc-nd/4.0/,,image,https://storage.googleapis.com/horace-comstock/images/full/0076_full.jpg,https://storage.googleapis.com/horace-comstock/images/small/0076_sm.jpg,https://storage.googleapis.com/horace-comstock/images/small/0076_sm.jpg,https://storage.googleapis.com/horace-comstock/images/thumb/0076_th.jpg,,https://storage.googleapis.com/horace-comstock/images/text/0076.txt
hc_0078,,,Horace Comstock,,77,,,war; WWII; Army; correspondence; fighter pilot,,,,,Image;StillImage,image/jpg,eng,CC BY-NC-ND,https://creativecommons.org/licenses/by-nc-nd/4.0/,,image,https://storage.googleapis.com/horace-comstock/images/full/0077_full.jpg,https://storage.googleapis.com/horace-comstock/images/small/0077_sm.jpg,https://storage.googleapis.com/horace-comstock/images/small/0077_sm.jpg,https://storage.googleapis.com/horace-comstock/images/thumb/0077_th.jpg,,https://storage.googleapis.com/horace-comstock/images/text/0077.txt
hc_0079,,,Horace Comstock,,78,,,war; WWII; Army; correspondence; fighter pilot,,,,,Image;StillImage,image/jpg,eng,CC BY-NC-ND,https://creativecommons.org/licenses/by-nc-nd/4.0/,,image,https://storage.googleapis.com/horace-comstock/images/full/0078_full.jpg,https://storage.googleapis.com/horace-comstock/images/small/0078_sm.jpg,https://storage.googleapis.com/horace-comstock/images/small/0078_sm.jpg,https://storage.googleapis.com/horace-comstock/images/thumb/0078_th.jpg,,https://storage.googleapis.com/horace-comstock/images/text/0078.txt
hc_0080,,,Horace Comstock,,79,,,war; WWII; Army; correspondence; fighter pilot,,,,,Image;StillImage,image/jpg,eng,CC BY-NC-ND,https://creativecommons.org/licenses/by-nc-nd/4.0/,,image,https://storage.googleapis.com/horace-comstock/images/full/0079_full.jpg,https://storage.googleapis.com/horace-comstock/images/small/0079_sm.jpg,https://storage.googleapis.com/horace-comstock/images/small/0079_sm.jpg,https://storage.googleapis.com/horace-comstock/images/thumb/0079_th.jpg,,https://storage.googleapis.com/horace-comstock/images/text/0079.txt
hc_0081,,,Horace Comstock,,80,,,war; WWII; Army; correspondence; fighter pilot,,,,,Image;StillImage,image/jpg,eng,CC BY-NC-ND,https://creativecommons.org/licenses/by-nc-nd/4.0/,,image,https://storage.googleapis.com/horace-comstock/images/full/0080_full.jpg,https://storage.googleapis.com/horace-comstock/images/small/0080_sm.jpg,https://storage.googleapis.com/horace-comstock/images/small/0080_sm.jpg,https://storage.googleapis.com/horace-comstock/images/thumb/0080_th.jpg,,https://storage.googleapis.com/horace-comstock/images/text/0080.txt
hc_0082,,,Horace Comstock,,81,,,war; WWII; Army; correspondence; fighter pilot,,,,,Image;StillImage,image/jpg,eng,CC BY-NC-ND,https://creativecommons.org/licenses/by-nc-nd/4.0/,,image,https://storage.googleapis.com/horace-comstock/images/full/0081_full.jpg,https://storage.googleapis.com/horace-comstock/images/small/0081_sm.jpg,https://storage.googleapis.com/horace-comstock/images/small/0081_sm.jpg,https://storage.googleapis.com/horace-comstock/images/thumb/0081_th.jpg,,https://storage.googleapis.com/horace-comstock/images/text/0081.txt
hc_0083,,,Horace Comstock,,82,,,war; WWII; Army; correspondence; fighter pilot,,,,,Image;StillImage,image/jpg,eng,CC BY-NC-ND,https://creativecommons.org/licenses/by-nc-nd/4.0/,,image,https://storage.googleapis.com/horace-comstock/images/full/0082_full.jpg,https://storage.googleapis.com/horace-comstock/images/small/0082_sm.jpg,https://storage.googleapis.com/horace-comstock/images/small/0082_sm.jpg,https://storage.googleapis.com/horace-comstock/images/thumb/0082_th.jpg,,https://storage.googleapis.com/horace-comstock/images/text/0082.txt
hc_0084,,,Horace Comstock,,83,,,war; WWII; Army; correspondence; fighter pilot,,,,,Image;StillImage,image/jpg,eng,CC BY-NC-ND,https://creativecommons.org/licenses/by-nc-nd/4.0/,,image,https://storage.googleapis.com/horace-comstock/images/full/0083_full.jpg,https://storage.googleapis.com/horace-comstock/images/small/0083_sm.jpg,https://storage.googleapis.com/horace-comstock/images/small/0083_sm.jpg,https://storage.googleapis.com/horace-comstock/images/thumb/0083_th.jpg,,https://storage.googleapis.com/horace-comstock/images/text/0083.txt
hc_0085,,,Horace Comstock,,84,,,war; WWII; Army; correspondence; fighter pilot,,,,,Image;StillImage,image/jpg,eng,CC BY-NC-ND,https://creativecommons.org/licenses/by-nc-nd/4.0/,,image,https://storage.googleapis.com/horace-comstock/images/full/0084_full.jpg,https://storage.googleapis.com/horace-comstock/images/small/0084_sm.jpg,https://storage.googleapis.com/horace-comstock/images/small/0084_sm.jpg,https://storage.googleapis.com/horace-comstock/images/thumb/0084_th.jpg,,https://storage.googleapis.com/horace-comstock/images/text/0084.txt
hc_0086,,,Horace Comstock,,85,,,war; WWII; Army; correspondence; fighter pilot,,,,,Image;StillImage,image/jpg,eng,CC BY-NC-ND,https://creativecommons.org/licenses/by-nc-nd/4.0/,,image,https://storage.googleapis.com/horace-comstock/images/full/0085_full.jpg,https://storage.googleapis.com/horace-comstock/images/small/0085_sm.jpg,https://storage.googleapis.com/horace-comstock/images/small/0085_sm.jpg,https://storage.googleapis.com/horace-comstock/images/thumb/0085_th.jpg,,https://storage.googleapis.com/horace-comstock/images/text/0085.txt
hc_0087,,,Horace Comstock,,86,,,war; WWII; Army; correspondence; fighter pilot,,,,,Image;StillImage,image/jpg,eng,CC BY-NC-ND,https://creativecommons.org/licenses/by-nc-nd/4.0/,,image,https://storage.googleapis.com/horace-comstock/images/full/0086_full.jpg,https://storage.googleapis.com/horace-comstock/images/small/0086_sm.jpg,https://storage.googleapis.com/horace-comstock/images/small/0086_sm.jpg,https://storage.googleapis.com/horace-comstock/images/thumb/0086_th.jpg,,https://storage.googleapis.com/horace-comstock/images/text/0086.txt
hc_0088,,,Horace Comstock,,87,,,war; WWII; Army; correspondence; fighter pilot,,,,,Image;StillImage,image/jpg,eng,CC BY-NC-ND,https://creativecommons.org/licenses/by-nc-nd/4.0/,,image,https://storage.googleapis.com/horace-comstock/images/full/0087_full.jpg,https://storage.googleapis.com/horace-comstock/images/small/0087_sm.jpg,https://storage.googleapis.com/horace-comstock/images/small/0087_sm.jpg,https://storage.googleapis.com/horace-comstock/images/thumb/0087_th.jpg,,https://storage.googleapis.com/horace-comstock/images/text/0087.txt
hc_0089,,,Horace Comstock,,88,,,war; WWII; Army; correspondence; fighter pilot,,,,,Image;StillImage,image/jpg,eng,CC BY-NC-ND,https://creativecommons.org/licenses/by-nc-nd/4.0/,,image,https://storage.googleapis.com/horace-comstock/images/full/0088_full.jpg,https://storage.googleapis.com/horace-comstock/images/small/0088_sm.jpg,https://storage.googleapis.com/horace-comstock/images/small/0088_sm.jpg,https://storage.googleapis.com/horace-comstock/images/thumb/0088_th.jpg,,https://storage.googleapis.com/horace-comstock/images/text/0088.txt
hc_0090,,,Horace Comstock,,89,,,war; WWII; Army; correspondence; fighter pilot,,,,,Image;StillImage,image/jpg,eng,CC BY-NC-ND,https://creativecommons.org/licenses/by-nc-nd/4.0/,,image,https://storage.googleapis.com/horace-comstock/images/full/0089_full.jpg,https://storage.googleapis.com/horace-comstock/images/small/0089_sm.jpg,https://storage.googleapis.com/horace-comstock/images/small/0089_sm.jpg,https://storage.googleapis.com/horace-comstock/images/thumb/0089_th.jpg,,https://storage.googleapis.com/horace-comstock/images/text/0089.txt
hc_0091,,,Horace Comstock,,90,,,war; WWII; Army; correspondence; fighter pilot,,,,,Image;StillImage,image/jpg,eng,CC BY-NC-ND,https://creativecommons.org/licenses/by-nc-nd/4.0/,,image,https://storage.googleapis.com/horace-comstock/images/full/0090_full.jpg,https://storage.googleapis.com/horace-comstock/images/small/0090_sm.jpg,https://storage.googleapis.com/horace-comstock/images/small/0090_sm.jpg,https://storage.googleapis.com/horace-comstock/images/thumb/0090_th.jpg,,https://storage.googleapis.com/horace-comstock/images/text/0090.txt
hc_0092,,,Horace Comstock,,91,,,war; WWII; Army; correspondence; fighter pilot,,,,,Image;StillImage,image/jpg,eng,CC BY-NC-ND,https://creativecommons.org/licenses/by-nc-nd/4.0/,,image,https://storage.googleapis.com/horace-comstock/images/full/0091_full.jpg,https://storage.googleapis.com/horace-comstock/images/small/0091_sm.jpg,https://storage.googleapis.com/horace-comstock/images/small/0091_sm.jpg,https://storage.googleapis.com/horace-comstock/images/thumb/0091_th.jpg,,https://storage.googleapis.com/horace-comstock/images/text/0091.txt
hc_0093,,,Horace Comstock,,92,,,war; WWII; Army; correspondence; fighter pilot,,,,,Image;StillImage,image/jpg,eng,CC BY-NC-ND,https://creativecommons.org/licenses/by-nc-nd/4.0/,,image,https://storage.googleapis.com/horace-comstock/images/full/0092_full.jpg,https://storage.googleapis.com/horace-comstock/images/small/0092_sm.jpg,https://storage.googleapis.com/horace-comstock/images/small/0092_sm.jpg,https://storage.googleapis.com/horace-comstock/images/thumb/0092_th.jpg,,https://storage.googleapis.com/horace-comstock/images/text/0092.txt
hc_0094,,,Horace Comstock,,93,,,war; WWII; Army; correspondence; fighter pilot,,,,,Image;StillImage,image/jpg,eng,CC BY-NC-ND,https://creativecommons.org/licenses/by-nc-nd/4.0/,,image,https://storage.googleapis.com/horace-comstock/images/full/0093_full.jpg,https://storage.googleapis.com/horace-comstock/images/small/0093_sm.jpg,https://storage.googleapis.com/horace-comstock/images/small/0093_sm.jpg,https://storage.googleapis.com/horace-comstock/images/thumb/0093_th.jpg,,https://storage.googleapis.com/horace-comstock/images/text/0093.txt
hc_0095,,,Horace Comstock,,94,,,war; WWII; Army; correspondence; fighter pilot,,,,,Image;StillImage,image/jpg,eng,CC BY-NC-ND,https://creativecommons.org/licenses/by-nc-nd/4.0/,,image,https://storage.googleapis.com/horace-comstock/images/full/0094_full.jpg,https://storage.googleapis.com/horace-comstock/images/small/0094_sm.jpg,https://storage.googleapis.com/horace-comstock/images/small/0094_sm.jpg,https://storage.googleapis.com/horace-comstock/images/thumb/0094_th.jpg,,https://storage.googleapis.com/horace-comstock/images/text/0094.txt
hc_0096,,,Horace Comstock,,95,,,war; WWII; Army; correspondence; fighter pilot,,,,,Image;StillImage,image/jpg,eng,CC BY-NC-ND,https://creativecommons.org/licenses/by-nc-nd/4.0/,,image,https://storage.googleapis.com/horace-comstock/images/full/0095_full.jpg,https://storage.googleapis.com/horace-comstock/images/small/0095_sm.jpg,https://storage.googleapis.com/horace-comstock/images/small/0095_sm.jpg,https://storage.googleapis.com/horace-comstock/images/thumb/0095_th.jpg,,https://storage.googleapis.com/horace-comstock/images/text/0095.txt
hc_0097,,,Horace Comstock,,96,,,war; WWII; Army; correspondence; fighter pilot,,,,,Image;StillImage,image/jpg,eng,CC BY-NC-ND,https://creativecommons.org/licenses/by-nc-nd/4.0/,,image,https://storage.googleapis.com/horace-comstock/images/full/0096_full.jpg,https://storage.googleapis.com/horace-comstock/images/small/0096_sm.jpg,https://storage.googleapis.com/horace-comstock/images/small/0096_sm.jpg,https://storage.googleapis.com/horace-comstock/images/thumb/0096_th.jpg,,https://storage.googleapis.com/horace-comstock/images/text/0096.txt
hc_0098,,,Horace Comstock,,97,,,war; WWII; Army; correspondence; fighter pilot,,,,,Image;StillImage,image/jpg,eng,CC BY-NC-ND,https://creativecommons.org/licenses/by-nc-nd/4.0/,,image,https://storage.googleapis.com/horace-comstock/images/full/0097_full.jpg,https://storage.googleapis.com/horace-comstock/images/small/0097_sm.jpg,https://storage.googleapis.com/horace-comstock/images/small/0097_sm.jpg,https://storage.googleapis.com/horace-comstock/images/thumb/0097_th.jpg,,https://storage.googleapis.com/horace-comstock/images/text/0097.txt
hc_0099,,,Horace Comstock,,98,,,war; WWII; Army; correspondence; fighter pilot,,,,,Image;StillImage,image/jpg,eng,CC BY-NC-ND,https://creativecommons.org/licenses/by-nc-nd/4.0/,,image,https://storage.googleapis.com/horace-comstock/images/full/0098_full.jpg,https://storage.googleapis.com/horace-comstock/images/small/0098_sm.jpg,https://storage.googleapis.com/horace-comstock/images/small/0098_sm.jpg,https://storage.googleapis.com/horace-comstock/images/thumb/0098_th.jpg,,https://storage.googleapis.com/horace-comstock/images/text/0098.txt
hc_0100,,,Horace Comstock,,99,,,war; WWII; Army; correspondence; fighter pilot,,,,,Image;StillImage,image/jpg,eng,CC BY-NC-ND,https://creativecommons.org/licenses/by-nc-nd/4.0/,,image,https://storage.googleapis.com/horace-comstock/images/full/0099_full.jpg,https://storage.googleapis.com/horace-comstock/images/small/0099_sm.jpg,https://storage.googleapis.com/horace-comstock/images/small/0099_sm.jpg,https://storage.googleapis.com/horace-comstock/images/thumb/0099_th.jpg,,https://storage.googleapis.com/horace-comstock/images/text/0099.txt
hc_0101,,,Horace Comstock,,100,,,war; WWII; Army; correspondence; fighter pilot,,,,,Image;StillImage,image/jpg,eng,CC BY-NC-ND,https://creativecommons.org/licenses/by-nc-nd/4.0/,,image,https://storage.googleapis.com/horace-comstock/images/full/0100_full.jpg,https://storage.googleapis.com/horace-comstock/images/small/0100_sm.jpg,https://storage.googleapis.com/horace-comstock/images/small/0100_sm.jpg,https://storage.googleapis.com/horace-comstock/images/thumb/0100_th.jpg,,https://storage.googleapis.com/horace-comstock/images/text/0100.txt
hc_0102,,,Horace Comstock,,101,,,war; WWII; Army; correspondence; fighter pilot,,,,,Image;StillImage,image/jpg,eng,CC BY-NC-ND,https://creativecommons.org/licenses/by-nc-nd/4.0/,,image,https://storage.googleapis.com/horace-comstock/images/full/0101_full.jpg,https://storage.googleapis.com/horace-comstock/images/small/0101_sm.jpg,https://storage.googleapis.com/horace-comstock/images/small/0101_sm.jpg,https://storage.googleapis.com/horace-comstock/images/thumb/0101_th.jpg,,https://storage.googleapis.com/horace-comstock/images/text/0101.txt
hc_0103,,,Horace Comstock,,102,,,war; WWII; Army; correspondence; fighter pilot,,,,,Image;StillImage,image/jpg,eng,CC BY-NC-ND,https://creativecommons.org/licenses/by-nc-nd/4.0/,,image,https://storage.googleapis.com/horace-comstock/images/full/0102_full.jpg,https://storage.googleapis.com/horace-comstock/images/small/0102_sm.jpg,https://storage.googleapis.com/horace-comstock/images/small/0102_sm.jpg,https://storage.googleapis.com/horace-comstock/images/thumb/0102_th.jpg,,https://storage.googleapis.com/horace-comstock/images/text/0102.txt
hc_0104,,,Horace Comstock,,103,,,war; WWII; Army; correspondence; fighter pilot,,,,,Image;StillImage,image/jpg,eng,CC BY-NC-ND,https://creativecommons.org/licenses/by-nc-nd/4.0/,,image,https://storage.googleapis.com/horace-comstock/images/full/0103_full.jpg,https://storage.googleapis.com/horace-comstock/images/small/0103_sm.jpg,https://storage.googleapis.com/horace-comstock/images/small/0103_sm.jpg,https://storage.googleapis.com/horace-comstock/images/thumb/0103_th.jpg,,https://storage.googleapis.com/horace-comstock/images/text/0103.txt
hc_0105,,,Horace Comstock,,104,,,war; WWII; Army; correspondence; fighter pilot,,,,,Image;StillImage,image/jpg,eng,CC BY-NC-ND,https://creativecommons.org/licenses/by-nc-nd/4.0/,,image,https://storage.googleapis.com/horace-comstock/images/full/0104_full.jpg,https://storage.googleapis.com/horace-comstock/images/small/0104_sm.jpg,https://storage.googleapis.com/horace-comstock/images/small/0104_sm.jpg,https://storage.googleapis.com/horace-comstock/images/thumb/0104_th.jpg,,https://storage.googleapis.com/horace-comstock/images/text/0104.txt
hc_0106,,,Horace Comstock,,105,,,war; WWII; Army; correspondence; fighter pilot,,,,,Image;StillImage,image/jpg,eng,CC BY-NC-ND,https://creativecommons.org/licenses/by-nc-nd/4.0/,,image,https://storage.googleapis.com/horace-comstock/images/full/0105_full.jpg,https://storage.googleapis.com/horace-comstock/images/small/0105_sm.jpg,https://storage.googleapis.com/horace-comstock/images/small/0105_sm.jpg,https://storage.googleapis.com/horace-comstock/images/thumb/0105_th.jpg,,https://storage.googleapis.com/horace-comstock/images/text/0105.txt
hc_0107,,,Horace Comstock,,106,,,war; WWII; Army; correspondence; fighter pilot,,,,,Image;StillImage,image/jpg,eng,CC BY-NC-ND,https://creativecommons.org/licenses/by-nc-nd/4.0/,,image,https://storage.googleapis.com/horace-comstock/images/full/0106_full.jpg,https://storage.googleapis.com/horace-comstock/images/small/0106_sm.jpg,https://storage.googleapis.com/horace-comstock/images/small/0106_sm.jpg,https://storage.googleapis.com/horace-comstock/images/thumb/0106_th.jpg,,https://storage.googleapis.com/horace-comstock/images/text/0106.txt
hc_0108,,,Horace Comstock,,107,,,war; WWII; Army; correspondence; fighter pilot,,,,,Image;StillImage,image/jpg,eng,CC BY-NC-ND,https://creativecommons.org/licenses/by-nc-nd/4.0/,,image,https://storage.googleapis.com/horace-comstock/images/full/0107_full.jpg,https://storage.googleapis.com/horace-comstock/images/small/0107_sm.jpg,https://storage.googleapis.com/horace-comstock/images/small/0107_sm.jpg,https://storage.googleapis.com/horace-comstock/images/thumb/0107_th.jpg,,https://storage.googleapis.com/horace-comstock/images/text/0107.txt
hc_0109,,,Horace Comstock,,108,,,war; WWII; Army; correspondence; fighter pilot,,,,,Image;StillImage,image/jpg,eng,CC BY-NC-ND,https://creativecommons.org/licenses/by-nc-nd/4.0/,,image,https://storage.googleapis.com/horace-comstock/images/full/0108_full.jpg,https://storage.googleapis.com/horace-comstock/images/small/0108_sm.jpg,https://storage.googleapis.com/horace-comstock/images/small/0108_sm.jpg,https://storage.googleapis.com/horace-comstock/images/thumb/0108_th.jpg,,https://storage.googleapis.com/horace-comstock/images/text/0108.txt
hc_0110,,,Horace Comstock,,109,,,war; WWII; Army; correspondence; fighter pilot,,,,,Image;StillImage,image/jpg,eng,CC BY-NC-ND,https://creativecommons.org/licenses/by-nc-nd/4.0/,,image,https://storage.googleapis.com/horace-comstock/images/full/0109_full.jpg,https://storage.googleapis.com/horace-comstock/images/small/0109_sm.jpg,https://storage.googleapis.com/horace-comstock/images/small/0109_sm.jpg,https://storage.googleapis.com/horace-comstock/images/thumb/0109_th.jpg,,https://storage.googleapis.com/horace-comstock/images/text/0109.txt
hc_0111,,,Horace Comstock,,110,,,war; WWII; Army; correspondence; fighter pilot,,,,,Image;StillImage,image/jpg,eng,CC BY-NC-ND,https://creativecommons.org/licenses/by-nc-nd/4.0/,,image,https://storage.googleapis.com/horace-comstock/images/full/0110_full.jpg,https://storage.googleapis.com/horace-comstock/images/small/0110_sm.jpg,https://storage.googleapis.com/horace-comstock/images/small/0110_sm.jpg,https://storage.googleapis.com/horace-comstock/images/thumb/0110_th.jpg,,https://storage.googleapis.com/horace-comstock/images/text/0110.txt
hc_0112,,,Horace Comstock,,111,,,war; WWII; Army; correspondence; fighter pilot,,,,,Image;StillImage,image/jpg,eng,CC BY-NC-ND,https://creativecommons.org/licenses/by-nc-nd/4.0/,,image,https://storage.googleapis.com/horace-comstock/images/full/0111_full.jpg,https://storage.googleapis.com/horace-comstock/images/small/0111_sm.jpg,https://storage.googleapis.com/horace-comstock/images/small/0111_sm.jpg,https://storage.googleapis.com/horace-comstock/images/thumb/0111_th.jpg,,https://storage.googleapis.com/horace-comstock/images/text/0111.txt
hc_0113,,,Horace Comstock,,112,,,war; WWII; Army; correspondence; fighter pilot,,,,,Image;StillImage,image/jpg,eng,CC BY-NC-ND,https://creativecommons.org/licenses/by-nc-nd/4.0/,,image,https://storage.googleapis.com/horace-comstock/images/full/0112_full.jpg,https://storage.googleapis.com/horace-comstock/images/small/0112_sm.jpg,https://storage.googleapis.com/horace-comstock/images/small/0112_sm.jpg,https://storage.googleapis.com/horace-comstock/images/thumb/0112_th.jpg,,https://storage.googleapis.com/horace-comstock/images/text/0112.txt
hc_0114,,,Horace Comstock,,113,,,war; WWII; Army; correspondence; fighter pilot,,,,,Image;StillImage,image/jpg,eng,CC BY-NC-ND,https://creativecommons.org/licenses/by-nc-nd/4.0/,,image,https://storage.googleapis.com/horace-comstock/images/full/0113_full.jpg,https://storage.googleapis.com/horace-comstock/images/small/0113_sm.jpg,https://storage.googleapis.com/horace-comstock/images/small/0113_sm.jpg,https://storage.googleapis.com/horace-comstock/images/thumb/0113_th.jpg,,https://storage.googleapis.com/horace-comstock/images/text/0113.txt
hc_0115,,,Horace Comstock,,114,,,war; WWII; Army; correspondence; fighter pilot,,,,,Image;StillImage,image/jpg,eng,CC BY-NC-ND,https://creativecommons.org/licenses/by-nc-nd/4.0/,,image,https://storage.googleapis.com/horace-comstock/images/full/0114_full.jpg,https://storage.googleapis.com/horace-comstock/images/small/0114_sm.jpg,https://storage.googleapis.com/horace-comstock/images/small/0114_sm.jpg,https://storage.googleapis.com/horace-comstock/images/thumb/0114_th.jpg,,https://storage.googleapis.com/horace-comstock/images/text/0114.txt
hc_0116,,,Horace Comstock,,115,,,war; WWII; Army; correspondence; fighter pilot,,,,,Image;StillImage,image/jpg,eng,CC BY-NC-ND,https://creativecommons.org/licenses/by-nc-nd/4.0/,,image,https://storage.googleapis.com/horace-comstock/images/full/0115_full.jpg,https://storage.googleapis.com/horace-comstock/images/small/0115_sm.jpg,https://storage.googleapis.com/horace-comstock/images/small/0115_sm.jpg,https://storage.googleapis.com/horace-comstock/images/thumb/0115_th.jpg,,https://storage.googleapis.com/horace-comstock/images/text/0115.txt
hc_0117,,,Horace Comstock,,116,,,war; WWII; Army; correspondence; fighter pilot,,,,,Image;StillImage,image/jpg,eng,CC BY-NC-ND,https://creativecommons.org/licenses/by-nc-nd/4.0/,,image,https://storage.googleapis.com/horace-comstock/images/full/0116_full.jpg,https://storage.googleapis.com/horace-comstock/images/small/0116_sm.jpg,https://storage.googleapis.com/horace-comstock/images/small/0116_sm.jpg,https://storage.googleapis.com/horace-comstock/images/thumb/0116_th.jpg,,https://storage.googleapis.com/horace-comstock/images/text/0116.txt
hc_0118,,,Horace Comstock,,117,,,war; WWII; Army; correspondence; fighter pilot,,,,,Image;StillImage,image/jpg,eng,CC BY-NC-ND,https://creativecommons.org/licenses/by-nc-nd/4.0/,,image,https://storage.googleapis.com/horace-comstock/images/full/0117_full.jpg,https://storage.googleapis.com/horace-comstock/images/small/0117_sm.jpg,https://storage.googleapis.com/horace-comstock/images/small/0117_sm.jpg,https://storage.googleapis.com/horace-comstock/images/thumb/0117_th.jpg,,https://storage.googleapis.com/horace-comstock/images/text/0117.txt
hc_0119,,,Horace Comstock,,118,,,war; WWII; Army; correspondence; fighter pilot,,,,,Image;StillImage,image/jpg,eng,CC BY-NC-ND,https://creativecommons.org/licenses/by-nc-nd/4.0/,,image,https://storage.googleapis.com/horace-comstock/images/full/0118_full.jpg,https://storage.googleapis.com/horace-comstock/images/small/0118_sm.jpg,https://storage.googleapis.com/horace-comstock/images/small/0118_sm.jpg,https://storage.googleapis.com/horace-comstock/images/thumb/0118_th.jpg,,https://storage.googleapis.com/horace-comstock/images/text/0118.txt
hc_0120,,,Horace Comstock,,119,,,war; WWII; Army; correspondence; fighter pilot,,,,,Image;StillImage,image/jpg,eng,CC BY-NC-ND,https://creativecommons.org/licenses/by-nc-nd/4.0/,,image,https://storage.googleapis.com/horace-comstock/images/full/0119_full.jpg,https://storage.googleapis.com/horace-comstock/images/small/0119_sm.jpg,https://storage.googleapis.com/horace-comstock/images/small/0119_sm.jpg,https://storage.googleapis.com/horace-comstock/images/thumb/0119_th.jpg,,https://storage.googleapis.com/horace-comstock/images/text/0119.txt
hc_0121,,,Horace Comstock,,120,,,war; WWII; Army; correspondence; fighter pilot,,,,,Image;StillImage,image/jpg,eng,CC BY-NC-ND,https://creativecommons.org/licenses/by-nc-nd/4.0/,,image,https://storage.googleapis.com/horace-comstock/images/full/0120_full.jpg,https://storage.googleapis.com/horace-comstock/images/small/0120_sm.jpg,https://storage.googleapis.com/horace-comstock/images/small/0120_sm.jpg,https://storage.googleapis.com/horace-comstock/images/thumb/0120_th.jpg,,https://storage.googleapis.com/horace-comstock/images/text/0120.txt
hc_0122,,,Horace Comstock,,121,,,war; WWII; Army; correspondence; fighter pilot,,,,,Image;StillImage,image/jpg,eng,CC BY-NC-ND,https://creativecommons.org/licenses/by-nc-nd/4.0/,,image,https://storage.googleapis.com/horace-comstock/images/full/0121_full.jpg,https://storage.googleapis.com/horace-comstock/images/small/0121_sm.jpg,https://storage.googleapis.com/horace-comstock/images/small/0121_sm.jpg,https://storage.googleapis.com/horace-comstock/images/thumb/0121_th.jpg,,https://storage.googleapis.com/horace-comstock/images/text/0121.txt
hc_0123,,,Horace Comstock,,122,,,war; WWII; Army; correspondence; fighter pilot,,,,,Image;StillImage,image/jpg,eng,CC BY-NC-ND,https://creativecommons.org/licenses/by-nc-nd/4.0/,,image,https://storage.googleapis.com/horace-comstock/images/full/0122_full.jpg,https://storage.googleapis.com/horace-comstock/images/small/0122_sm.jpg,https://storage.googleapis.com/horace-comstock/images/small/0122_sm.jpg,https://storage.googleapis.com/horace-comstock/images/thumb/0122_th.jpg,,https://storage.googleapis.com/horace-comstock/images/text/0122.txt
hc_0124,,,Horace Comstock,,123,,,war; WWII; Army; correspondence; fighter pilot,,,,,Image;StillImage,image/jpg,eng,CC BY-NC-ND,https://creativecommons.org/licenses/by-nc-nd/4.0/,,image,https://storage.googleapis.com/horace-comstock/images/full/0123_full.jpg,https://storage.googleapis.com/horace-comstock/images/small/0123_sm.jpg,https://storage.googleapis.com/horace-comstock/images/small/0123_sm.jpg,https://storage.googleapis.com/horace-comstock/images/thumb/0123_th.jpg,,https://storage.googleapis.com/horace-comstock/images/text/0123.txt
hc_0125,,,Horace Comstock,,124,,,war; WWII; Army; correspondence; fighter pilot,,,,,Image;StillImage,image/jpg,eng,CC BY-NC-ND,https://creativecommons.org/licenses/by-nc-nd/4.0/,,image,https://storage.googleapis.com/horace-comstock/images/full/0124_full.jpg,https://storage.googleapis.com/horace-comstock/images/small/0124_sm.jpg,https://storage.googleapis.com/horace-comstock/images/small/0124_sm.jpg,https://storage.googleapis.com/horace-comstock/images/thumb/0124_th.jpg,,https://storage.googleapis.com/horace-comstock/images/text/0124.txt
hc_0126,,,Horace Comstock,,125,,,war; WWII; Army; correspondence; fighter pilot,,,,,Image;StillImage,image/jpg,eng,CC BY-NC-ND,https://creativecommons.org/licenses/by-nc-nd/4.0/,,image,https://storage.googleapis.com/horace-comstock/images/full/0125_full.jpg,https://storage.googleapis.com/horace-comstock/images/small/0125_sm.jpg,https://storage.googleapis.com/horace-comstock/images/small/0125_sm.jpg,https://storage.googleapis.com/horace-comstock/images/thumb/0125_th.jpg,,https://storage.googleapis.com/horace-comstock/images/text/0125.txt
hc_0127,,,Horace Comstock,,126,,,war; WWII; Army; correspondence; fighter pilot,,,,,Image;StillImage,image/jpg,eng,CC BY-NC-ND,https://creativecommons.org/licenses/by-nc-nd/4.0/,,image,https://storage.googleapis.com/horace-comstock/images/full/0126_full.jpg,https://storage.googleapis.com/horace-comstock/images/small/0126_sm.jpg,https://storage.googleapis.com/horace-comstock/images/small/0126_sm.jpg,https://storage.googleapis.com/horace-comstock/images/thumb/0126_th.jpg,,https://storage.googleapis.com/horace-comstock/images/text/0126.txt
hc_0128,,,Horace Comstock,,127,,,war; WWII; Army; correspondence; fighter pilot,,,,,Image;StillImage,image/jpg,eng,CC BY-NC-ND,https://creativecommons.org/licenses/by-nc-nd/4.0/,,image,https://storage.googleapis.com/horace-comstock/images/full/0127_full.jpg,https://storage.googleapis.com/horace-comstock/images/small/0127_sm.jpg,https://storage.googleapis.com/horace-comstock/images/small/0127_sm.jpg,https://storage.googleapis.com/horace-comstock/images/thumb/0127_th.jpg,,https://storage.googleapis.com/horace-comstock/images/text/0127.txt
hc_0129,,,Horace Comstock,,128,,,war; WWII; Army; correspondence; fighter pilot,,,,,Image;StillImage,image/jpg,eng,CC BY-NC-ND,https://creativecommons.org/licenses/by-nc-nd/4.0/,,image,https://storage.googleapis.com/horace-comstock/images/full/0128_full.jpg,https://storage.googleapis.com/horace-comstock/images/small/0128_sm.jpg,https://storage.googleapis.com/horace-comstock/images/small/0128_sm.jpg,https://storage.googleapis.com/horace-comstock/images/thumb/0128_th.jpg,,https://storage.googleapis.com/horace-comstock/images/text/0128.txt
hc_0130,,,Horace Comstock,,129,,,war; WWII; Army; correspondence; fighter pilot,,,,,Image;StillImage,image/jpg,eng,CC BY-NC-ND,https://creativecommons.org/licenses/by-nc-nd/4.0/,,image,https://storage.googleapis.com/horace-comstock/images/full/0129_full.jpg,https://storage.googleapis.com/horace-comstock/images/small/0129_sm.jpg,https://storage.googleapis.com/horace-comstock/images/small/0129_sm.jpg,https://storage.googleapis.com/horace-comstock/images/thumb/0129_th.jpg,,https://storage.googleapis.com/horace-comstock/images/text/0129.txt
hc_0131,,,Horace Comstock,,130,,,war; WWII; Army; correspondence; fighter pilot,,,,,Image;StillImage,image/jpg,eng,CC BY-NC-ND,https://creativecommons.org/licenses/by-nc-nd/4.0/,,image,https://storage.googleapis.com/horace-comstock/images/full/0130_full.jpg,https://storage.googleapis.com/horace-comstock/images/small/0130_sm.jpg,https://storage.googleapis.com/horace-comstock/images/small/0130_sm.jpg,https://storage.googleapis.com/horace-comstock/images/thumb/0130_th.jpg,,https://storage.googleapis.com/horace-comstock/images/text/0130.txt
hc_0132,,,Horace Comstock,,131,,,war; WWII; Army; correspondence; fighter pilot,,,,,Image;StillImage,image/jpg,eng,CC BY-NC-ND,https://creativecommons.org/licenses/by-nc-nd/4.0/,,image,https://storage.googleapis.com/horace-comstock/images/full/0131_full.jpg,https://storage.googleapis.com/horace-comstock/images/small/0131_sm.jpg,https://storage.googleapis.com/horace-comstock/images/small/0131_sm.jpg,https://storage.googleapis.com/horace-comstock/images/thumb/0131_th.jpg,,https://storage.googleapis.com/horace-comstock/images/text/0131.txt
hc_0133,,,Horace Comstock,,132,,,war; WWII; Army; correspondence; fighter pilot,,,,,Image;StillImage,image/jpg,eng,CC BY-NC-ND,https://creativecommons.org/licenses/by-nc-nd/4.0/,,image,https://storage.googleapis.com/horace-comstock/images/full/0132_full.jpg,https://storage.googleapis.com/horace-comstock/images/small/0132_sm.jpg,https://storage.googleapis.com/horace-comstock/images/small/0132_sm.jpg,https://storage.googleapis.com/horace-comstock/images/thumb/0132_th.jpg,,https://storage.googleapis.com/horace-comstock/images/text/0132.txt
hc_0134,,,Horace Comstock,,133,,,war; WWII; Army; correspondence; fighter pilot,,,,,Image;StillImage,image/jpg,eng,CC BY-NC-ND,https://creativecommons.org/licenses/by-nc-nd/4.0/,,image,https://storage.googleapis.com/horace-comstock/images/full/0133_full.jpg,https://storage.googleapis.com/horace-comstock/images/small/0133_sm.jpg,https://storage.googleapis.com/horace-comstock/images/small/0133_sm.jpg,https://storage.googleapis.com/horace-comstock/images/thumb/0133_th.jpg,,https://storage.googleapis.com/horace-comstock/images/text/0133.txt
hc_0135,,,Horace Comstock,,134,,,war; WWII; Army; correspondence; fighter pilot,,,,,Image;StillImage,image/jpg,eng,CC BY-NC-ND,https://creativecommons.org/licenses/by-nc-nd/4.0/,,image,https://storage.googleapis.com/horace-comstock/images/full/0134_full.jpg,https://storage.googleapis.com/horace-comstock/images/small/0134_sm.jpg,https://storage.googleapis.com/horace-comstock/images/small/0134_sm.jpg,https://storage.googleapis.com/horace-comstock/images/thumb/0134_th.jpg,,https://storage.googleapis.com/horace-comstock/images/text/0134.txt
hc_0136,,,Horace Comstock,,135,,,war; WWII; Army; correspondence; fighter pilot,,,,,Image;StillImage,image/jpg,eng,CC BY-NC-ND,https://creativecommons.org/licenses/by-nc-nd/4.0/,,image,https://storage.googleapis.com/horace-comstock/images/full/0135_full.jpg,https://storage.googleapis.com/horace-comstock/images/small/0135_sm.jpg,https://storage.googleapis.com/horace-comstock/images/small/0135_sm.jpg,https://storage.googleapis.com/horace-comstock/images/thumb/0135_th.jpg,,https://storage.googleapis.com/horace-comstock/images/text/0135.txt
hc_0137,,,Horace Comstock,,136,,,war; WWII; Army; correspondence; fighter pilot,,,,,Image;StillImage,image/jpg,eng,CC BY-NC-ND,https://creativecommons.org/licenses/by-nc-nd/4.0/,,image,https://storage.googleapis.com/horace-comstock/images/full/0136_full.jpg,https://storage.googleapis.com/horace-comstock/images/small/0136_sm.jpg,https://storage.googleapis.com/horace-comstock/images/small/0136_sm.jpg,https://storage.googleapis.com/horace-comstock/images/thumb/0136_th.jpg,,https://storage.googleapis.com/horace-comstock/images/text/0136.txt
hc_0138,,,Horace Comstock,,137,,,war; WWII; Army; correspondence; fighter pilot,,,,,Image;StillImage,image/jpg,eng,CC BY-NC-ND,https://creativecommons.org/licenses/by-nc-nd/4.0/,,image,https://storage.googleapis.com/horace-comstock/images/full/0137_full.jpg,https://storage.googleapis.com/horace-comstock/images/small/0137_sm.jpg,https://storage.googleapis.com/horace-comstock/images/small/0137_sm.jpg,https://storage.googleapis.com/horace-comstock/images/thumb/0137_th.jpg,,https://storage.googleapis.com/horace-comstock/images/text/0137.txt
hc_0139,,,Horace Comstock,,138,,,war; WWII; Army; correspondence; fighter pilot,,,,,Image;StillImage,image/jpg,eng,CC BY-NC-ND,https://creativecommons.org/licenses/by-nc-nd/4.0/,,image,https://storage.googleapis.com/horace-comstock/images/full/0138_full.jpg,https://storage.googleapis.com/horace-comstock/images/small/0138_sm.jpg,https://storage.googleapis.com/horace-comstock/images/small/0138_sm.jpg,https://storage.googleapis.com/horace-comstock/images/thumb/0138_th.jpg,,https://storage.googleapis.com/horace-comstock/images/text/0138.txt
hc_0140,,,Horace Comstock,,139,,,war; WWII; Army; correspondence; fighter pilot,,,,,Image;StillImage,image/jpg,eng,CC BY-NC-ND,https://creativecommons.org/licenses/by-nc-nd/4.0/,,image,https://storage.googleapis.com/horace-comstock/images/full/0139_full.jpg,https://storage.googleapis.com/horace-comstock/images/small/0139_sm.jpg,https://storage.googleapis.com/horace-comstock/images/small/0139_sm.jpg,https://storage.googleapis.com/horace-comstock/images/thumb/0139_th.jpg,,https://storage.googleapis.com/horace-comstock/images/text/0139.txt
hc_0141,,,Horace Comstock,,140,,,war; WWII; Army; correspondence; fighter pilot,,,,,Image;StillImage,image/jpg,eng,CC BY-NC-ND,https://creativecommons.org/licenses/by-nc-nd/4.0/,,image,https://storage.googleapis.com/horace-comstock/images/full/0140_full.jpg,https://storage.googleapis.com/horace-comstock/images/small/0140_sm.jpg,https://storage.googleapis.com/horace-comstock/images/small/0140_sm.jpg,https://storage.googleapis.com/horace-comstock/images/thumb/0140_th.jpg,,https://storage.googleapis.com/horace-comstock/images/text/0140.txt
hc_0142,,,Horace Comstock,,141,,,war; WWII; Army; correspondence; fighter pilot,,,,,Image;StillImage,image/jpg,eng,CC BY-NC-ND,https://creativecommons.org/licenses/by-nc-nd/4.0/,,image,https://storage.googleapis.com/horace-comstock/images/full/0141_full.jpg,https://storage.googleapis.com/horace-comstock/images/small/0141_sm.jpg,https://storage.googleapis.com/horace-comstock/images/small/0141_sm.jpg,https://storage.googleapis.com/horace-comstock/images/thumb/0141_th.jpg,,https://storage.googleapis.com/horace-comstock/images/text/0141.txt
hc_0143,,,Horace Comstock,,142,,,war; WWII; Army; correspondence; fighter pilot,,,,,Image;StillImage,image/jpg,eng,CC BY-NC-ND,https://creativecommons.org/licenses/by-nc-nd/4.0/,,image,https://storage.googleapis.com/horace-comstock/images/full/0142_full.jpg,https://storage.googleapis.com/horace-comstock/images/small/0142_sm.jpg,https://storage.googleapis.com/horace-comstock/images/small/0142_sm.jpg,https://storage.googleapis.com/horace-comstock/images/thumb/0142_th.jpg,,https://storage.googleapis.com/horace-comstock/images/text/0142.txt
hc_0144,,,Horace Comstock,,143,,,war; WWII; Army; correspondence; fighter pilot,,,,,Image;StillImage,image/jpg,eng,CC BY-NC-ND,https://creativecommons.org/licenses/by-nc-nd/4.0/,,image,https://storage.googleapis.com/horace-comstock/images/full/0143_full.jpg,https://storage.googleapis.com/horace-comstock/images/small/0143_sm.jpg,https://storage.googleapis.com/horace-comstock/images/small/0143_sm.jpg,https://storage.googleapis.com/horace-comstock/images/thumb/0143_th.jpg,,https://storage.googleapis.com/horace-comstock/images/text/0143.txt
hc_0145,,,Horace Comstock,,144,,,war; WWII; Army; correspondence; fighter pilot,,,,,Image;StillImage,image/jpg,eng,CC BY-NC-ND,https://creativecommons.org/licenses/by-nc-nd/4.0/,,image,https://storage.googleapis.com/horace-comstock/images/full/0144_full.jpg,https://storage.googleapis.com/horace-comstock/images/small/0144_sm.jpg,https://storage.googleapis.com/horace-comstock/images/small/0144_sm.jpg,https://storage.googleapis.com/horace-comstock/images/thumb/0144_th.jpg,,https://storage.googleapis.com/horace-comstock/images/text/0144.txt
hc_0146,,,Horace Comstock,,145,,,war; WWII; Army; correspondence; fighter pilot,,,,,Image;StillImage,image/jpg,eng,CC BY-NC-ND,https://creativecommons.org/licenses/by-nc-nd/4.0/,,image,https://storage.googleapis.com/horace-comstock/images/full/0145_full.jpg,https://storage.googleapis.com/horace-comstock/images/small/0145_sm.jpg,https://storage.googleapis.com/horace-comstock/images/small/0145_sm.jpg,https://storage.googleapis.com/horace-comstock/images/thumb/0145_th.jpg,,https://storage.googleapis.com/horace-comstock/images/text/0145.txt
hc_0147,,,Horace Comstock,,146,,,war; WWII; Army; correspondence; fighter pilot,,,,,Image;StillImage,image/jpg,eng,CC BY-NC-ND,https://creativecommons.org/licenses/by-nc-nd/4.0/,,image,https://storage.googleapis.com/horace-comstock/images/full/0146_full.jpg,https://storage.googleapis.com/horace-comstock/images/small/0146_sm.jpg,https://storage.googleapis.com/horace-comstock/images/small/0146_sm.jpg,https://storage.googleapis.com/horace-comstock/images/thumb/0146_th.jpg,,https://storage.googleapis.com/horace-comstock/images/text/0146.txt
hc_0148,,,Horace Comstock,,147,,,war; WWII; Army; correspondence; fighter pilot,,,,,Image;StillImage,image/jpg,eng,CC BY-NC-ND,https://creativecommons.org/licenses/by-nc-nd/4.0/,,image,https://storage.googleapis.com/horace-comstock/images/full/0147_full.jpg,https://storage.googleapis.com/horace-comstock/images/small/0147_sm.jpg,https://storage.googleapis.com/horace-comstock/images/small/0147_sm.jpg,https://storage.googleapis.com/horace-comstock/images/thumb/0147_th.jpg,,https://storage.googleapis.com/horace-comstock/images/text/0147.txt
hc_0149,,,Horace Comstock,,148,,,war; WWII; Army; correspondence; fighter pilot,,,,,Image;StillImage,image/jpg,eng,CC BY-NC-ND,https://creativecommons.org/licenses/by-nc-nd/4.0/,,image,https://storage.googleapis.com/horace-comstock/images/full/0148_full.jpg,https://storage.googleapis.com/horace-comstock/images/small/0148_sm.jpg,https://storage.googleapis.com/horace-comstock/images/small/0148_sm.jpg,https://storage.googleapis.com/horace-comstock/images/thumb/0148_th.jpg,,https://storage.googleapis.com/horace-comstock/images/text/0148.txt
hc_0150,,,Horace Comstock,,149,,,war; WWII; Army; correspondence; fighter pilot,,,,,Image;StillImage,image/jpg,eng,CC BY-NC-ND,https://creativecommons.org/licenses/by-nc-nd/4.0/,,image,https://storage.googleapis.com/horace-comstock/images/full/0149_full.jpg,https://storage.googleapis.com/horace-comstock/images/small/0149_sm.jpg,https://storage.googleapis.com/horace-comstock/images/small/0149_sm.jpg,https://storage.googleapis.com/horace-comstock/images/thumb/0149_th.jpg,,https://storage.googleapis.com/horace-comstock/images/text/0149.txt
hc_0151,,,Horace Comstock,,150,,,war; WWII; Army; correspondence; fighter pilot,,,,,Image;StillImage,image/jpg,eng,CC BY-NC-ND,https://creativecommons.org/licenses/by-nc-nd/4.0/,,image,https://storage.googleapis.com/horace-comstock/images/full/0150_full.jpg,https://storage.googleapis.com/horace-comstock/images/small/0150_sm.jpg,https://storage.googleapis.com/horace-comstock/images/small/0150_sm.jpg,https://storage.googleapis.com/horace-comstock/images/thumb/0150_th.jpg,,https://storage.googleapis.com/horace-comstock/images/text/0150.txt
hc_0152,,,Horace Comstock,,151,,,war; WWII; Army; correspondence; fighter pilot,,,,,Image;StillImage,image/jpg,eng,CC BY-NC-ND,https://creativecommons.org/licenses/by-nc-nd/4.0/,,image,https://storage.googleapis.com/horace-comstock/images/full/0151_full.jpg,https://storage.googleapis.com/horace-comstock/images/small/0151_sm.jpg,https://storage.googleapis.com/horace-comstock/images/small/0151_sm.jpg,https://storage.googleapis.com/horace-comstock/images/thumb/0151_th.jpg,,https://storage.googleapis.com/horace-comstock/images/text/0151.txt
hc_0153,,,Horace Comstock,,152,,,war; WWII; Army; correspondence; fighter pilot,,,,,Image;StillImage,image/jpg,eng,CC BY-NC-ND,https://creativecommons.org/licenses/by-nc-nd/4.0/,,image,https://storage.googleapis.com/horace-comstock/images/full/0152_full.jpg,https://storage.googleapis.com/horace-comstock/images/small/0152_sm.jpg,https://storage.googleapis.com/horace-comstock/images/small/0152_sm.jpg,https://storage.googleapis.com/horace-comstock/images/thumb/0152_th.jpg,,https://storage.googleapis.com/horace-comstock/images/text/0152.txt
hc_0154,,,Horace Comstock,,153,,,war; WWII; Army; correspondence; fighter pilot,,,,,Image;StillImage,image/jpg,eng,CC BY-NC-ND,https://creativecommons.org/licenses/by-nc-nd/4.0/,,image,https://storage.googleapis.com/horace-comstock/images/full/0153_full.jpg,https://storage.googleapis.com/horace-comstock/images/small/0153_sm.jpg,https://storage.googleapis.com/horace-comstock/images/small/0153_sm.jpg,https://storage.googleapis.com/horace-comstock/images/thumb/0153_th.jpg,,https://storage.googleapis.com/horace-comstock/images/text/0153.txt
hc_0155,,,Horace Comstock,,154,,,war; WWII; Army; correspondence; fighter pilot,,,,,Image;StillImage,image/jpg,eng,CC BY-NC-ND,https://creativecommons.org/licenses/by-nc-nd/4.0/,,image,https://storage.googleapis.com/horace-comstock/images/full/0154_full.jpg,https://storage.googleapis.com/horace-comstock/images/small/0154_sm.jpg,https://storage.googleapis.com/horace-comstock/images/small/0154_sm.jpg,https://storage.googleapis.com/horace-comstock/images/thumb/0154_th.jpg,,https://storage.googleapis.com/horace-comstock/images/text/0154.txt
hc_0156,,,Horace Comstock,,155,,,war; WWII; Army; correspondence; fighter pilot,,,,,Image;StillImage,image/jpg,eng,CC BY-NC-ND,https://creativecommons.org/licenses/by-nc-nd/4.0/,,image,https://storage.googleapis.com/horace-comstock/images/full/0155_full.jpg,https://storage.googleapis.com/horace-comstock/images/small/0155_sm.jpg,https://storage.googleapis.com/horace-comstock/images/small/0155_sm.jpg,https://storage.googleapis.com/horace-comstock/images/thumb/0155_th.jpg,,https://storage.googleapis.com/horace-comstock/images/text/0155.txt
hc_0157,,,Horace Comstock,,156,,,war; WWII; Army; correspondence; fighter pilot,,,,,Image;StillImage,image/jpg,eng,CC BY-NC-ND,https://creativecommons.org/licenses/by-nc-nd/4.0/,,image,https://storage.googleapis.com/horace-comstock/images/full/0156_full.jpg,https://storage.googleapis.com/horace-comstock/images/small/0156_sm.jpg,https://storage.googleapis.com/horace-comstock/images/small/0156_sm.jpg,https://storage.googleapis.com/horace-comstock/images/thumb/0156_th.jpg,,https://storage.googleapis.com/horace-comstock/images/text/0156.txt
hc_0158,,,Horace Comstock,,157,,,war; WWII; Army; correspondence; fighter pilot,,,,,Image;StillImage,image/jpg,eng,CC BY-NC-ND,https://creativecommons.org/licenses/by-nc-nd/4.0/,,image,https://storage.googleapis.com/horace-comstock/images/full/0157_full.jpg,https://storage.googleapis.com/horace-comstock/images/small/0157_sm.jpg,https://storage.googleapis.com/horace-comstock/images/small/0157_sm.jpg,https://storage.googleapis.com/horace-comstock/images/thumb/0157_th.jpg,,https://storage.googleapis.com/horace-comstock/images/text/0157.txt
hc_0159,,,Horace Comstock,,158,,,war; WWII; Army; correspondence; fighter pilot,,,,,Image;StillImage,image/jpg,eng,CC BY-NC-ND,https://creativecommons.org/licenses/by-nc-nd/4.0/,,image,https://storage.googleapis.com/horace-comstock/images/full/0158_full.jpg,https://storage.googleapis.com/horace-comstock/images/small/0158_sm.jpg,https://storage.googleapis.com/horace-comstock/images/small/0158_sm.jpg,https://storage.googleapis.com/horace-comstock/images/thumb/0158_th.jpg,,https://storage.googleapis.com/horace-comstock/images/text/0158.txt
hc_0160,,,Horace Comstock,,159,,,war; WWII; Army; correspondence; fighter pilot,,,,,Image;StillImage,image/jpg,eng,CC BY-NC-ND,https://creativecommons.org/licenses/by-nc-nd/4.0/,,image,https://storage.googleapis.com/horace-comstock/images/full/0159_full.jpg,https://storage.googleapis.com/horace-comstock/images/small/0159_sm.jpg,https://storage.googleapis.com/horace-comstock/images/small/0159_sm.jpg,https://storage.googleapis.com/horace-comstock/images/thumb/0159_th.jpg,,https://storage.googleapis.com/horace-comstock/images/text/0159.txt
hc_0161,,,Horace Comstock,,160,,,war; WWII; Army; correspondence; fighter pilot,,,,,Image;StillImage,image/jpg,eng,CC BY-NC-ND,https://creativecommons.org/licenses/by-nc-nd/4.0/,,image,https://storage.googleapis.com/horace-comstock/images/full/0160_full.jpg,https://storage.googleapis.com/horace-comstock/images/small/0160_sm.jpg,https://storage.googleapis.com/horace-comstock/images/small/0160_sm.jpg,https://storage.googleapis.com/horace-comstock/images/thumb/0160_th.jpg,,https://storage.googleapis.com/horace-comstock/images/text/0160.txt
hc_0162,,,Horace Comstock,,161,,,war; WWII; Army; correspondence; fighter pilot,,,,,Image;StillImage,image/jpg,eng,CC BY-NC-ND,https://creativecommons.org/licenses/by-nc-nd/4.0/,,image,https://storage.googleapis.com/horace-comstock/images/full/0161_full.jpg,https://storage.googleapis.com/horace-comstock/images/small/0161_sm.jpg,https://storage.googleapis.com/horace-comstock/images/small/0161_sm.jpg,https://storage.googleapis.com/horace-comstock/images/thumb/0161_th.jpg,,https://storage.googleapis.com/horace-comstock/images/text/0161.txt
hc_0163,,,Horace Comstock,,162,,,war; WWII; Army; correspondence; fighter pilot,,,,,Image;StillImage,image/jpg,eng,CC BY-NC-ND,https://creativecommons.org/licenses/by-nc-nd/4.0/,,image,https://storage.googleapis.com/horace-comstock/images/full/0162_full.jpg,https://storage.googleapis.com/horace-comstock/images/small/0162_sm.jpg,https://storage.googleapis.com/horace-comstock/images/small/0162_sm.jpg,https://storage.googleapis.com/horace-comstock/images/thumb/0162_th.jpg,,https://storage.googleapis.com/horace-comstock/images/text/0162.txt
hc_0164,,,Horace Comstock,,163,,,war; WWII; Army; correspondence; fighter pilot,,,,,Image;StillImage,image/jpg,eng,CC BY-NC-ND,https://creativecommons.org/licenses/by-nc-nd/4.0/,,image,https://storage.googleapis.com/horace-comstock/images/full/0163_full.jpg,https://storage.googleapis.com/horace-comstock/images/small/0163_sm.jpg,https://storage.googleapis.com/horace-comstock/images/small/0163_sm.jpg,https://storage.googleapis.com/horace-comstock/images/thumb/0163_th.jpg,,https://storage.googleapis.com/horace-comstock/images/text/0163.txt
hc_0165,,,Horace Comstock,,164,,,war; WWII; Army; correspondence; fighter pilot,,,,,Image;StillImage,image/jpg,eng,CC BY-NC-ND,https://creativecommons.org/licenses/by-nc-nd/4.0/,,image,https://storage.googleapis.com/horace-comstock/images/full/0164_full.jpg,https://storage.googleapis.com/horace-comstock/images/small/0164_sm.jpg,https://storage.googleapis.com/horace-comstock/images/small/0164_sm.jpg,https://storage.googleapis.com/horace-comstock/images/thumb/0164_th.jpg,,https://storage.googleapis.com/horace-comstock/images/text/0164.txt
hc_0166,,,Horace Comstock,,165,,,war; WWII; Army; correspondence; fighter pilot,,,,,Image;StillImage,image/jpg,eng,CC BY-NC-ND,https://creativecommons.org/licenses/by-nc-nd/4.0/,,image,https://storage.googleapis.com/horace-comstock/images/full/0165_full.jpg,https://storage.googleapis.com/horace-comstock/images/small/0165_sm.jpg,https://storage.googleapis.com/horace-comstock/images/small/0165_sm.jpg,https://storage.googleapis.com/horace-comstock/images/thumb/0165_th.jpg,,https://storage.googleapis.com/horace-comstock/images/text/0165.txt
hc_0167,,,Horace Comstock,,166,,,war; WWII; Army; correspondence; fighter pilot,,,,,Image;StillImage,image/jpg,eng,CC BY-NC-ND,https://creativecommons.org/licenses/by-nc-nd/4.0/,,image,https://storage.googleapis.com/horace-comstock/images/full/0166_full.jpg,https://storage.googleapis.com/horace-comstock/images/small/0166_sm.jpg,https://storage.googleapis.com/horace-comstock/images/small/0166_sm.jpg,https://storage.googleapis.com/horace-comstock/images/thumb/0166_th.jpg,,https://storage.googleapis.com/horace-comstock/images/text/0166.txt
hc_0168,,,Horace Comstock,,167,,,war; WWII; Army; correspondence; fighter pilot,,,,,Image;StillImage,image/jpg,eng,CC BY-NC-ND,https://creativecommons.org/licenses/by-nc-nd/4.0/,,image,https://storage.googleapis.com/horace-comstock/images/full/0167_full.jpg,https://storage.googleapis.com/horace-comstock/images/small/0167_sm.jpg,https://storage.googleapis.com/horace-comstock/images/small/0167_sm.jpg,https://storage.googleapis.com/horace-comstock/images/thumb/0167_th.jpg,,https://storage.googleapis.com/horace-comstock/images/text/0167.txt
hc_0169,,,Horace Comstock,,168,,,war; WWII; Army; correspondence; fighter pilot,,,,,Image;StillImage,image/jpg,eng,CC BY-NC-ND,https://creativecommons.org/licenses/by-nc-nd/4.0/,,image,https://storage.googleapis.com/horace-comstock/images/full/0168_full.jpg,https://storage.googleapis.com/horace-comstock/images/small/0168_sm.jpg,https://storage.googleapis.com/horace-comstock/images/small/0168_sm.jpg,https://storage.googleapis.com/horace-comstock/images/thumb/0168_th.jpg,,https://storage.googleapis.com/horace-comstock/images/text/0168.txt
hc_0170,,,Horace Comstock,,169,,,war; WWII; Army; correspondence; fighter pilot,,,,,Image;StillImage,image/jpg,eng,CC BY-NC-ND,https://creativecommons.org/licenses/by-nc-nd/4.0/,,image,https://storage.googleapis.com/horace-comstock/images/full/0169_full.jpg,https://storage.googleapis.com/horace-comstock/images/small/0169_sm.jpg,https://storage.googleapis.com/horace-comstock/images/small/0169_sm.jpg,https://storage.googleapis.com/horace-comstock/images/thumb/0169_th.jpg,,https://storage.googleapis.com/horace-comstock/images/text/0169.txt
hc_0171,,,Horace Comstock,,170,,,war; WWII; Army; correspondence; fighter pilot,,,,,Image;StillImage,image/jpg,eng,CC BY-NC-ND,https://creativecommons.org/licenses/by-nc-nd/4.0/,,image,https://storage.googleapis.com/horace-comstock/images/full/0170_full.jpg,https://storage.googleapis.com/horace-comstock/images/small/0170_sm.jpg,https://storage.googleapis.com/horace-comstock/images/small/0170_sm.jpg,https://storage.googleapis.com/horace-comstock/images/thumb/0170_th.jpg,,https://storage.googleapis.com/horace-comstock/images/text/0170.txt
hc_0172,,,Horace Comstock,,171,,,war; WWII; Army; correspondence; fighter pilot,,,,,Image;StillImage,image/jpg,eng,CC BY-NC-ND,https://creativecommons.org/licenses/by-nc-nd/4.0/,,image,https://storage.googleapis.com/horace-comstock/images/full/0171_full.jpg,https://storage.googleapis.com/horace-comstock/images/small/0171_sm.jpg,https://storage.googleapis.com/horace-comstock/images/small/0171_sm.jpg,https://storage.googleapis.com/horace-comstock/images/thumb/0171_th.jpg,,https://storage.googleapis.com/horace-comstock/images/text/0171.txt
hc_0173,,,Horace Comstock,,172,,,war; WWII; Army; correspondence; fighter pilot,,,,,Image;StillImage,image/jpg,eng,CC BY-NC-ND,https://creativecommons.org/licenses/by-nc-nd/4.0/,,image,https://storage.googleapis.com/horace-comstock/images/full/0172_full.jpg,https://storage.googleapis.com/horace-comstock/images/small/0172_sm.jpg,https://storage.googleapis.com/horace-comstock/images/small/0172_sm.jpg,https://storage.googleapis.com/horace-comstock/images/thumb/0172_th.jpg,,https://storage.googleapis.com/horace-comstock/images/text/0172.txt
hc_0174,,,Horace Comstock,,173,,,war; WWII; Army; correspondence; fighter pilot,,,,,Image;StillImage,image/jpg,eng,CC BY-NC-ND,https://creativecommons.org/licenses/by-nc-nd/4.0/,,image,https://storage.googleapis.com/horace-comstock/images/full/0173_full.jpg,https://storage.googleapis.com/horace-comstock/images/small/0173_sm.jpg,https://storage.googleapis.com/horace-comstock/images/small/0173_sm.jpg,https://storage.googleapis.com/horace-comstock/images/thumb/0173_th.jpg,,https://storage.googleapis.com/horace-comstock/images/text/0173.txt
hc_0175,,,Horace Comstock,,174,,,war; WWII; Army; correspondence; fighter pilot,,,,,Image;StillImage,image/jpg,eng,CC BY-NC-ND,https://creativecommons.org/licenses/by-nc-nd/4.0/,,image,https://storage.googleapis.com/horace-comstock/images/full/0174_full.jpg,https://storage.googleapis.com/horace-comstock/images/small/0174_sm.jpg,https://storage.googleapis.com/horace-comstock/images/small/0174_sm.jpg,https://storage.googleapis.com/horace-comstock/images/thumb/0174_th.jpg,,https://storage.googleapis.com/horace-comstock/images/text/0174.txt
hc_0176,,,Horace Comstock,,175,,,war; WWII; Army; correspondence; fighter pilot,,,,,Image;StillImage,image/jpg,eng,CC BY-NC-ND,https://creativecommons.org/licenses/by-nc-nd/4.0/,,image,https://storage.googleapis.com/horace-comstock/images/full/0175_full.jpg,https://storage.googleapis.com/horace-comstock/images/small/0175_sm.jpg,https://storage.googleapis.com/horace-comstock/images/small/0175_sm.jpg,https://storage.googleapis.com/horace-comstock/images/thumb/0175_th.jpg,,https://storage.googleapis.com/horace-comstock/images/text/0175.txt
hc_0177,,,Horace Comstock,,176,,,war; WWII; Army; correspondence; fighter pilot,,,,,Image;StillImage,image/jpg,eng,CC BY-NC-ND,https://creativecommons.org/licenses/by-nc-nd/4.0/,,image,https://storage.googleapis.com/horace-comstock/images/full/0176_full.jpg,https://storage.googleapis.com/horace-comstock/images/small/0176_sm.jpg,https://storage.googleapis.com/horace-comstock/images/small/0176_sm.jpg,https://storage.googleapis.com/horace-comstock/images/thumb/0176_th.jpg,,https://storage.googleapis.com/horace-comstock/images/text/0176.txt
hc_0178,,,Horace Comstock,,177,,,war; WWII; Army; correspondence; fighter pilot,,,,,Image;StillImage,image/jpg,eng,CC BY-NC-ND,https://creativecommons.org/licenses/by-nc-nd/4.0/,,image,https://storage.googleapis.com/horace-comstock/images/full/0177_full.jpg,https://storage.googleapis.com/horace-comstock/images/small/0177_sm.jpg,https://storage.googleapis.com/horace-comstock/images/small/0177_sm.jpg,https://storage.googleapis.com/horace-comstock/images/thumb/0177_th.jpg,,https://storage.googleapis.com/horace-comstock/images/text/0177.txt
hc_0179,,,Horace Comstock,,178,,,war; WWII; Army; correspondence; fighter pilot,,,,,Image;StillImage,image/jpg,eng,CC BY-NC-ND,https://creativecommons.org/licenses/by-nc-nd/4.0/,,image,https://storage.googleapis.com/horace-comstock/images/full/0178_full.jpg,https://storage.googleapis.com/horace-comstock/images/small/0178_sm.jpg,https://storage.googleapis.com/horace-comstock/images/small/0178_sm.jpg,https://storage.googleapis.com/horace-comstock/images/thumb/0178_th.jpg,,https://storage.googleapis.com/horace-comstock/images/text/0178.txt
hc_0180,,,Horace Comstock,,179,,,war; WWII; Army; correspondence; fighter pilot,,,,,Image;StillImage,image/jpg,eng,CC BY-NC-ND,https://creativecommons.org/licenses/by-nc-nd/4.0/,,image,https://storage.googleapis.com/horace-comstock/images/full/0179_full.jpg,https://storage.googleapis.com/horace-comstock/images/small/0179_sm.jpg,https://storage.googleapis.com/horace-comstock/images/small/0179_sm.jpg,https://storage.googleapis.com/horace-comstock/images/thumb/0179_th.jpg,,https://storage.googleapis.com/horace-comstock/images/text/0179.txt
hc_0181,,,Horace Comstock,,180,,,war; WWII; Army; correspondence; fighter pilot,,,,,Image;StillImage,image/jpg,eng,CC BY-NC-ND,https://creativecommons.org/licenses/by-nc-nd/4.0/,,image,https://storage.googleapis.com/horace-comstock/images/full/0180_full.jpg,https://storage.googleapis.com/horace-comstock/images/small/0180_sm.jpg,https://storage.googleapis.com/horace-comstock/images/small/0180_sm.jpg,https://storage.googleapis.com/horace-comstock/images/thumb/0180_th.jpg,,https://storage.googleapis.com/horace-comstock/images/text/0180.txt
hc_0182,,,Horace Comstock,,181,,,war; WWII; Army; correspondence; fighter pilot,,,,,Image;StillImage,image/jpg,eng,CC BY-NC-ND,https://creativecommons.org/licenses/by-nc-nd/4.0/,,image,https://storage.googleapis.com/horace-comstock/images/full/0181_full.jpg,https://storage.googleapis.com/horace-comstock/images/small/0181_sm.jpg,https://storage.googleapis.com/horace-comstock/images/small/0181_sm.jpg,https://storage.googleapis.com/horace-comstock/images/thumb/0181_th.jpg,,https://storage.googleapis.com/horace-comstock/images/text/0181.txt
hc_0183,,,Horace Comstock,,182,,,war; WWII; Army; correspondence; fighter pilot,,,,,Image;StillImage,image/jpg,eng,CC BY-NC-ND,https://creativecommons.org/licenses/by-nc-nd/4.0/,,image,https://storage.googleapis.com/horace-comstock/images/full/0182_full.jpg,https://storage.googleapis.com/horace-comstock/images/small/0182_sm.jpg,https://storage.googleapis.com/horace-comstock/images/small/0182_sm.jpg,https://storage.googleapis.com/horace-comstock/images/thumb/0182_th.jpg,,https://storage.googleapis.com/horace-comstock/images/text/0182.txt
hc_0184,,,Horace Comstock,,183,,,war; WWII; Army; correspondence; fighter pilot,,,,,Image;StillImage,image/jpg,eng,CC BY-NC-ND,https://creativecommons.org/licenses/by-nc-nd/4.0/,,image,https://storage.googleapis.com/horace-comstock/images/full/0183_full.jpg,https://storage.googleapis.com/horace-comstock/images/small/0183_sm.jpg,https://storage.googleapis.com/horace-comstock/images/small/0183_sm.jpg,https://storage.googleapis.com/horace-comstock/images/thumb/0183_th.jpg,,https://storage.googleapis.com/horace-comstock/images/text/0183.txt
hc_0185,,,Horace Comstock,,184,,,war; WWII; Army; correspondence; fighter pilot,,,,,Image;StillImage,image/jpg,eng,CC BY-NC-ND,https://creativecommons.org/licenses/by-nc-nd/4.0/,,image,https://storage.googleapis.com/horace-comstock/images/full/0184_full.jpg,https://storage.googleapis.com/horace-comstock/images/small/0184_sm.jpg,https://storage.googleapis.com/horace-comstock/images/small/0184_sm.jpg,https://storage.googleapis.com/horace-comstock/images/thumb/0184_th.jpg,,https://storage.googleapis.com/horace-comstock/images/text/0184.txt
hc_0186,,,Horace Comstock,,185,,,war; WWII; Army; correspondence; fighter pilot,,,,,Image;StillImage,image/jpg,eng,CC BY-NC-ND,https://creativecommons.org/licenses/by-nc-nd/4.0/,,image,https://storage.googleapis.com/horace-comstock/images/full/0185_full.jpg,https://storage.googleapis.com/horace-comstock/images/small/0185_sm.jpg,https://storage.googleapis.com/horace-comstock/images/small/0185_sm.jpg,https://storage.googleapis.com/horace-comstock/images/thumb/0185_th.jpg,,https://storage.googleapis.com/horace-comstock/images/text/0185.txt
hc_0187,,,Horace Comstock,,186,,,war; WWII; Army; correspondence; fighter pilot,,,,,Image;StillImage,image/jpg,eng,CC BY-NC-ND,https://creativecommons.org/licenses/by-nc-nd/4.0/,,image,https://storage.googleapis.com/horace-comstock/images/full/0186_full.jpg,https://storage.googleapis.com/horace-comstock/images/small/0186_sm.jpg,https://storage.googleapis.com/horace-comstock/images/small/0186_sm.jpg,https://storage.googleapis.com/horace-comstock/images/thumb/0186_th.jpg,,https://storage.googleapis.com/horace-comstock/images/text/0186.txt
hc_0188,,,Horace Comstock,,187,,,war; WWII; Army; correspondence; fighter pilot,,,,,Image;StillImage,image/jpg,eng,CC BY-NC-ND,https://creativecommons.org/licenses/by-nc-nd/4.0/,,image,https://storage.googleapis.com/horace-comstock/images/full/0187_full.jpg,https://storage.googleapis.com/horace-comstock/images/small/0187_sm.jpg,https://storage.googleapis.com/horace-comstock/images/small/0187_sm.jpg,https://storage.googleapis.com/horace-comstock/images/thumb/0187_th.jpg,,https://storage.googleapis.com/horace-comstock/images/text/0187.txt
hc_0189,,,Horace Comstock,,188,,,war; WWII; Army; correspondence; fighter pilot,,,,,Image;StillImage,image/jpg,eng,CC BY-NC-ND,https://creativecommons.org/licenses/by-nc-nd/4.0/,,image,https://storage.googleapis.com/horace-comstock/images/full/0188_full.jpg,https://storage.googleapis.com/horace-comstock/images/small/0188_sm.jpg,https://storage.googleapis.com/horace-comstock/images/small/0188_sm.jpg,https://storage.googleapis.com/horace-comstock/images/thumb/0188_th.jpg,,https://storage.googleapis.com/horace-comstock/images/text/0188.txt
hc_0190,,,Horace Comstock,,189,,,war; WWII; Army; correspondence; fighter pilot,,,,,Image;StillImage,image/jpg,eng,CC BY-NC-ND,https://creativecommons.org/licenses/by-nc-nd/4.0/,,image,https://storage.googleapis.com/horace-comstock/images/full/0189_full.jpg,https://storage.googleapis.com/horace-comstock/images/small/0189_sm.jpg,https://storage.googleapis.com/horace-comstock/images/small/0189_sm.jpg,https://storage.googleapis.com/horace-comstock/images/thumb/0189_th.jpg,,https://storage.googleapis.com/horace-comstock/images/text/0189.txt
hc_0191,,,Horace Comstock,,190,,,war; WWII; Army; correspondence; fighter pilot,,,,,Image;StillImage,image/jpg,eng,CC BY-NC-ND,https://creativecommons.org/licenses/by-nc-nd/4.0/,,image,https://storage.googleapis.com/horace-comstock/images/full/0190_full.jpg,https://storage.googleapis.com/horace-comstock/images/small/0190_sm.jpg,https://storage.googleapis.com/horace-comstock/images/small/0190_sm.jpg,https://storage.googleapis.com/horace-comstock/images/thumb/0190_th.jpg,,https://storage.googleapis.com/horace-comstock/images/text/0190.txt
hc_0192,,,Horace Comstock,,191,,,war; WWII; Army; correspondence; fighter pilot,,,,,Image;StillImage,image/jpg,eng,CC BY-NC-ND,https://creativecommons.org/licenses/by-nc-nd/4.0/,,image,https://storage.googleapis.com/horace-comstock/images/full/0191_full.jpg,https://storage.googleapis.com/horace-comstock/images/small/0191_sm.jpg,https://storage.googleapis.com/horace-comstock/images/small/0191_sm.jpg,https://storage.googleapis.com/horace-comstock/images/thumb/0191_th.jpg,,https://storage.googleapis.com/horace-comstock/images/text/0191.txt
hc_0193,,,Horace Comstock,,192,,,war; WWII; Army; correspondence; fighter pilot,,,,,Image;StillImage,image/jpg,eng,CC BY-NC-ND,https://creativecommons.org/licenses/by-nc-nd/4.0/,,image,https://storage.googleapis.com/horace-comstock/images/full/0192_full.jpg,https://storage.googleapis.com/horace-comstock/images/small/0192_sm.jpg,https://storage.googleapis.com/horace-comstock/images/small/0192_sm.jpg,https://storage.googleapis.com/horace-comstock/images/thumb/0192_th.jpg,,https://storage.googleapis.com/horace-comstock/images/text/0192.txt
hc_0194,,,Horace Comstock,,193,,,war; WWII; Army; correspondence; fighter pilot,,,,,Image;StillImage,image/jpg,eng,CC BY-NC-ND,https://creativecommons.org/licenses/by-nc-nd/4.0/,,image,https://storage.googleapis.com/horace-comstock/images/full/0193_full.jpg,https://storage.googleapis.com/horace-comstock/images/small/0193_sm.jpg,https://storage.googleapis.com/horace-comstock/images/small/0193_sm.jpg,https://storage.googleapis.com/horace-comstock/images/thumb/0193_th.jpg,,https://storage.googleapis.com/horace-comstock/images/text/0193.txt
hc_0195,,,Horace Comstock,,194,,,war; WWII; Army; correspondence; fighter pilot,,,,,Image;StillImage,image/jpg,eng,CC BY-NC-ND,https://creativecommons.org/licenses/by-nc-nd/4.0/,,image,https://storage.googleapis.com/horace-comstock/images/full/0194_full.jpg,https://storage.googleapis.com/horace-comstock/images/small/0194_sm.jpg,https://storage.googleapis.com/horace-comstock/images/small/0194_sm.jpg,https://storage.googleapis.com/horace-comstock/images/thumb/0194_th.jpg,,https://storage.googleapis.com/horace-comstock/images/text/0194.txt
hc_0196,,,Horace Comstock,,195,,,war; WWII; Army; correspondence; fighter pilot,,,,,Image;StillImage,image/jpg,eng,CC BY-NC-ND,https://creativecommons.org/licenses/by-nc-nd/4.0/,,image,https://storage.googleapis.com/horace-comstock/images/full/0195_full.jpg,https://storage.googleapis.com/horace-comstock/images/small/0195_sm.jpg,https://storage.googleapis.com/horace-comstock/images/small/0195_sm.jpg,https://storage.googleapis.com/horace-comstock/images/thumb/0195_th.jpg,,https://storage.googleapis.com/horace-comstock/images/text/0195.txt
hc_0197,,,Horace Comstock,,196,,,war; WWII; Army; correspondence; fighter pilot,,,,,Image;StillImage,image/jpg,eng,CC BY-NC-ND,https://creativecommons.org/licenses/by-nc-nd/4.0/,,image,https://storage.googleapis.com/horace-comstock/images/full/0196_full.jpg,https://storage.googleapis.com/horace-comstock/images/small/0196_sm.jpg,https://storage.googleapis.com/horace-comstock/images/small/0196_sm.jpg,https://storage.googleapis.com/horace-comstock/images/thumb/0196_th.jpg,,https://storage.googleapis.com/horace-comstock/images/text/0196.txt
hc_0198,,,Horace Comstock,,197,,,war; WWII; Army; correspondence; fighter pilot,,,,,Image;StillImage,image/jpg,eng,CC BY-NC-ND,https://creativecommons.org/licenses/by-nc-nd/4.0/,,image,https://storage.googleapis.com/horace-comstock/images/full/0197_full.jpg,https://storage.googleapis.com/horace-comstock/images/small/0197_sm.jpg,https://storage.googleapis.com/horace-comstock/images/small/0197_sm.jpg,https://storage.googleapis.com/horace-comstock/images/thumb/0197_th.jpg,,https://storage.googleapis.com/horace-comstock/images/text/0197.txt
hc_0199,,,Horace Comstock,,198,,,war; WWII; Army; correspondence; fighter pilot,,,,,Image;StillImage,image/jpg,eng,CC BY-NC-ND,https://creativecommons.org/licenses/by-nc-nd/4.0/,,image,https://storage.googleapis.com/horace-comstock/images/full/0198_full.jpg,https://storage.googleapis.com/horace-comstock/images/small/0198_sm.jpg,https://storage.googleapis.com/horace-comstock/images/small/0198_sm.jpg,https://storage.googleapis.com/horace-comstock/images/thumb/0198_th.jpg,,https://storage.googleapis.com/horace-comstock/images/text/0198.txt
hc_0200,,,Horace Comstock,,199,,,war; WWII; Army; correspondence; fighter pilot,,,,,Image;StillImage,image/jpg,eng,CC BY-NC-ND,https://creativecommons.org/licenses/by-nc-nd/4.0/,,image,https://storage.googleapis.com/horace-comstock/images/full/0199_full.jpg,https://storage.googleapis.com/horace-comstock/images/small/0199_sm.jpg,https://storage.googleapis.com/horace-comstock/images/small/0199_sm.jpg,https://storage.googleapis.com/horace-comstock/images/thumb/0199_th.jpg,,https://storage.googleapis.com/horace-comstock/images/text/0199.txt
hc_0201,,,Horace Comstock,,200,,,war; WWII; Army; correspondence; fighter pilot,,,,,Image;StillImage,image/jpg,eng,CC BY-NC-ND,https://creativecommons.org/licenses/by-nc-nd/4.0/,,image,https://storage.googleapis.com/horace-comstock/images/full/0200_full.jpg,https://storage.googleapis.com/horace-comstock/images/small/0200_sm.jpg,https://storage.googleapis.com/horace-comstock/images/small/0200_sm.jpg,https://storage.googleapis.com/horace-comstock/images/thumb/0200_th.jpg,,https://storage.googleapis.com/horace-comstock/images/text/0200.txt
hc_0202,,,Horace Comstock,,201,,,war; WWII; Army; correspondence; fighter pilot,,,,,Image;StillImage,image/jpg,eng,CC BY-NC-ND,https://creativecommons.org/licenses/by-nc-nd/4.0/,,image,https://storage.googleapis.com/horace-comstock/images/full/0201_full.jpg,https://storage.googleapis.com/horace-comstock/images/small/0201_sm.jpg,https://storage.googleapis.com/horace-comstock/images/small/0201_sm.jpg,https://storage.googleapis.com/horace-comstock/images/thumb/0201_th.jpg,,https://storage.googleapis.com/horace-comstock/images/text/0201.txt
hc_0203,,,Horace Comstock,,202,,,war; WWII; Army; correspondence; fighter pilot,,,,,Image;StillImage,image/jpg,eng,CC BY-NC-ND,https://creativecommons.org/licenses/by-nc-nd/4.0/,,image,https://storage.googleapis.com/horace-comstock/images/full/0202_full.jpg,https://storage.googleapis.com/horace-comstock/images/small/0202_sm.jpg,https://storage.googleapis.com/horace-comstock/images/small/0202_sm.jpg,https://storage.googleapis.com/horace-comstock/images/thumb/0202_th.jpg,,https://storage.googleapis.com/horace-comstock/images/text/0202.txt
hc_0204,,,Horace Comstock,,203,,,war; WWII; Army; correspondence; fighter pilot,,,,,Image;StillImage,image/jpg,eng,CC BY-NC-ND,https://creativecommons.org/licenses/by-nc-nd/4.0/,,image,https://storage.googleapis.com/horace-comstock/images/full/0203_full.jpg,https://storage.googleapis.com/horace-comstock/images/small/0203_sm.jpg,https://storage.googleapis.com/horace-comstock/images/small/0203_sm.jpg,https://storage.googleapis.com/horace-comstock/images/thumb/0203_th.jpg,,https://storage.googleapis.com/horace-comstock/images/text/0203.txt
hc_0205,,,Horace Comstock,,204,,,war; WWII; Army; correspondence; fighter pilot,,,,,Image;StillImage,image/jpg,eng,CC BY-NC-ND,https://creativecommons.org/licenses/by-nc-nd/4.0/,,image,https://storage.googleapis.com/horace-comstock/images/full/0204_full.jpg,https://storage.googleapis.com/horace-comstock/images/small/0204_sm.jpg,https://storage.googleapis.com/horace-comstock/images/small/0204_sm.jpg,https://storage.googleapis.com/horace-comstock/images/thumb/0204_th.jpg,,https://storage.googleapis.com/horace-comstock/images/text/0204.txt
hc_0206,,,Horace Comstock,,205,,,war; WWII; Army; correspondence; fighter pilot,,,,,Image;StillImage,image/jpg,eng,CC BY-NC-ND,https://creativecommons.org/licenses/by-nc-nd/4.0/,,image,https://storage.googleapis.com/horace-comstock/images/full/0205_full.jpg,https://storage.googleapis.com/horace-comstock/images/small/0205_sm.jpg,https://storage.googleapis.com/horace-comstock/images/small/0205_sm.jpg,https://storage.googleapis.com/horace-comstock/images/thumb/0205_th.jpg,,https://storage.googleapis.com/horace-comstock/images/text/0205.txt
hc_0207,,,Horace Comstock,,206,,,war; WWII; Army; correspondence; fighter pilot,,,,,Image;StillImage,image/jpg,eng,CC BY-NC-ND,https://creativecommons.org/licenses/by-nc-nd/4.0/,,image,https://storage.googleapis.com/horace-comstock/images/full/0206_full.jpg,https://storage.googleapis.com/horace-comstock/images/small/0206_sm.jpg,https://storage.googleapis.com/horace-comstock/images/small/0206_sm.jpg,https://storage.googleapis.com/horace-comstock/images/thumb/0206_th.jpg,,https://storage.googleapis.com/horace-comstock/images/text/0206.txt
hc_0208,,,Horace Comstock,,207,,,war; WWII; Army; correspondence; fighter pilot,,,,,Image;StillImage,image/jpg,eng,CC BY-NC-ND,https://creativecommons.org/licenses/by-nc-nd/4.0/,,image,https://storage.googleapis.com/horace-comstock/images/full/0207_full.jpg,https://storage.googleapis.com/horace-comstock/images/small/0207_sm.jpg,https://storage.googleapis.com/horace-comstock/images/small/0207_sm.jpg,https://storage.googleapis.com/horace-comstock/images/thumb/0207_th.jpg,,https://storage.googleapis.com/horace-comstock/images/text/0207.txt
hc_0209,,,Horace Comstock,,208,,,war; WWII; Army; correspondence; fighter pilot,,,,,Image;StillImage,image/jpg,eng,CC BY-NC-ND,https://creativecommons.org/licenses/by-nc-nd/4.0/,,image,https://storage.googleapis.com/horace-comstock/images/full/0208_full.jpg,https://storage.googleapis.com/horace-comstock/images/small/0208_sm.jpg,https://storage.googleapis.com/horace-comstock/images/small/0208_sm.jpg,https://storage.googleapis.com/horace-comstock/images/thumb/0208_th.jpg,,https://storage.googleapis.com/horace-comstock/images/text/0208.txt
hc_0210,,,Horace Comstock,,209,,,war; WWII; Army; correspondence; fighter pilot,,,,,Image;StillImage,image/jpg,eng,CC BY-NC-ND,https://creativecommons.org/licenses/by-nc-nd/4.0/,,image,https://storage.googleapis.com/horace-comstock/images/full/0209_full.jpg,https://storage.googleapis.com/horace-comstock/images/small/0209_sm.jpg,https://storage.googleapis.com/horace-comstock/images/small/0209_sm.jpg,https://storage.googleapis.com/horace-comstock/images/thumb/0209_th.jpg,,https://storage.googleapis.com/horace-comstock/images/text/0209.txt
hc_0211,,,Horace Comstock,,210,,,war; WWII; Army; correspondence; fighter pilot,,,,,Image;StillImage,image/jpg,eng,CC BY-NC-ND,https://creativecommons.org/licenses/by-nc-nd/4.0/,,image,https://storage.googleapis.com/horace-comstock/images/full/0210_full.jpg,https://storage.googleapis.com/horace-comstock/images/small/0210_sm.jpg,https://storage.googleapis.com/horace-comstock/images/small/0210_sm.jpg,https://storage.googleapis.com/horace-comstock/images/thumb/0210_th.jpg,,https://storage.googleapis.com/horace-comstock/images/text/0210.txt
hc_0212,,,Horace Comstock,,211,,,war; WWII; Army; correspondence; fighter pilot,,,,,Image;StillImage,image/jpg,eng,CC BY-NC-ND,https://creativecommons.org/licenses/by-nc-nd/4.0/,,image,https://storage.googleapis.com/horace-comstock/images/full/0211_full.jpg,https://storage.googleapis.com/horace-comstock/images/small/0211_sm.jpg,https://storage.googleapis.com/horace-comstock/images/small/0211_sm.jpg,https://storage.googleapis.com/horace-comstock/images/thumb/0211_th.jpg,,https://storage.googleapis.com/horace-comstock/images/text/0211.txt
hc_0213,,,Horace Comstock,,212,,,war; WWII; Army; correspondence; fighter pilot,,,,,Image;StillImage,image/jpg,eng,CC BY-NC-ND,https://creativecommons.org/licenses/by-nc-nd/4.0/,,image,https://storage.googleapis.com/horace-comstock/images/full/0212_full.jpg,https://storage.googleapis.com/horace-comstock/images/small/0212_sm.jpg,https://storage.googleapis.com/horace-comstock/images/small/0212_sm.jpg,https://storage.googleapis.com/horace-comstock/images/thumb/0212_th.jpg,,https://storage.googleapis.com/horace-comstock/images/text/0212.txt
hc_0214,,,Horace Comstock,,213,,,war; WWII; Army; correspondence; fighter pilot,,,,,Image;StillImage,image/jpg,eng,CC BY-NC-ND,https://creativecommons.org/licenses/by-nc-nd/4.0/,,image,https://storage.googleapis.com/horace-comstock/images/full/0213_full.jpg,https://storage.googleapis.com/horace-comstock/images/small/0213_sm.jpg,https://storage.googleapis.com/horace-comstock/images/small/0213_sm.jpg,https://storage.googleapis.com/horace-comstock/images/thumb/0213_th.jpg,,https://storage.googleapis.com/horace-comstock/images/text/0213.txt
hc_0215,,,Horace Comstock,,214,,,war; WWII; Army; correspondence; fighter pilot,,,,,Image;StillImage,image/jpg,eng,CC BY-NC-ND,https://creativecommons.org/licenses/by-nc-nd/4.0/,,image,https://storage.googleapis.com/horace-comstock/images/full/0214_full.jpg,https://storage.googleapis.com/horace-comstock/images/small/0214_sm.jpg,https://storage.googleapis.com/horace-comstock/images/small/0214_sm.jpg,https://storage.googleapis.com/horace-comstock/images/thumb/0214_th.jpg,,https://storage.googleapis.com/horace-comstock/images/text/0214.txt
hc_0216,,,Horace Comstock,,215,,,war; WWII; Army; correspondence; fighter pilot,,,,,Image;StillImage,image/jpg,eng,CC BY-NC-ND,https://creativecommons.org/licenses/by-nc-nd/4.0/,,image,https://storage.googleapis.com/horace-comstock/images/full/0215_full.jpg,https://storage.googleapis.com/horace-comstock/images/small/0215_sm.jpg,https://storage.googleapis.com/horace-comstock/images/small/0215_sm.jpg,https://storage.googleapis.com/horace-comstock/images/thumb/0215_th.jpg,,https://storage.googleapis.com/horace-comstock/images/text/0215.txt
hc_0217,,,Horace Comstock,,216,,,war; WWII; Army; correspondence; fighter pilot,,,,,Image;StillImage,image/jpg,eng,CC BY-NC-ND,https://creativecommons.org/licenses/by-nc-nd/4.0/,,image,https://storage.googleapis.com/horace-comstock/images/full/0216_full.jpg,https://storage.googleapis.com/horace-comstock/images/small/0216_sm.jpg,https://storage.googleapis.com/horace-comstock/images/small/0216_sm.jpg,https://storage.googleapis.com/horace-comstock/images/thumb/0216_th.jpg,,https://storage.googleapis.com/horace-comstock/images/text/0216.txt
hc_0218,,,Horace Comstock,,217,,,war; WWII; Army; correspondence; fighter pilot,,,,,Image;StillImage,image/jpg,eng,CC BY-NC-ND,https://creativecommons.org/licenses/by-nc-nd/4.0/,,image,https://storage.googleapis.com/horace-comstock/images/full/0217_full.jpg,https://storage.googleapis.com/horace-comstock/images/small/0217_sm.jpg,https://storage.googleapis.com/horace-comstock/images/small/0217_sm.jpg,https://storage.googleapis.com/horace-comstock/images/thumb/0217_th.jpg,,https://storage.googleapis.com/horace-comstock/images/text/0217.txt
hc_0219,,,Horace Comstock,,218,,,war; WWII; Army; correspondence; fighter pilot,,,,,Image;StillImage,image/jpg,eng,CC BY-NC-ND,https://creativecommons.org/licenses/by-nc-nd/4.0/,,image,https://storage.googleapis.com/horace-comstock/images/full/0218_full.jpg,https://storage.googleapis.com/horace-comstock/images/small/0218_sm.jpg,https://storage.googleapis.com/horace-comstock/images/small/0218_sm.jpg,https://storage.googleapis.com/horace-comstock/images/thumb/0218_th.jpg,,https://storage.googleapis.com/horace-comstock/images/text/0218.txt
hc_0220,,,Horace Comstock,,219,,,war; WWII; Army; correspondence; fighter pilot,,,,,Image;StillImage,image/jpg,eng,CC BY-NC-ND,https://creativecommons.org/licenses/by-nc-nd/4.0/,,image,https://storage.googleapis.com/horace-comstock/images/full/0219_full.jpg,https://storage.googleapis.com/horace-comstock/images/small/0219_sm.jpg,https://storage.googleapis.com/horace-comstock/images/small/0219_sm.jpg,https://storage.googleapis.com/horace-comstock/images/thumb/0219_th.jpg,,https://storage.googleapis.com/horace-comstock/images/text/0219.txt
hc_0221,,,Horace Comstock,,220,,,war; WWII; Army; correspondence; fighter pilot,,,,,Image;StillImage,image/jpg,eng,CC BY-NC-ND,https://creativecommons.org/licenses/by-nc-nd/4.0/,,image,https://storage.googleapis.com/horace-comstock/images/full/0220_full.jpg,https://storage.googleapis.com/horace-comstock/images/small/0220_sm.jpg,https://storage.googleapis.com/horace-comstock/images/small/0220_sm.jpg,https://storage.googleapis.com/horace-comstock/images/thumb/0220_th.jpg,,https://storage.googleapis.com/horace-comstock/images/text/0220.txt
hc_0222,,,Horace Comstock,,221,,,war; WWII; Army; correspondence; fighter pilot,,,,,Image;StillImage,image/jpg,eng,CC BY-NC-ND,https://creativecommons.org/licenses/by-nc-nd/4.0/,,image,https://storage.googleapis.com/horace-comstock/images/full/0221_full.jpg,https://storage.googleapis.com/horace-comstock/images/small/0221_sm.jpg,https://storage.googleapis.com/horace-comstock/images/small/0221_sm.jpg,https://storage.googleapis.com/horace-comstock/images/thumb/0221_th.jpg,,https://storage.googleapis.com/horace-comstock/images/text/0221.txt
hc_0223,,,Horace Comstock,,222,,,war; WWII; Army; correspondence; fighter pilot,,,,,Image;StillImage,image/jpg,eng,CC BY-NC-ND,https://creativecommons.org/licenses/by-nc-nd/4.0/,,image,https://storage.googleapis.com/horace-comstock/images/full/0222_full.jpg,https://storage.googleapis.com/horace-comstock/images/small/0222_sm.jpg,https://storage.googleapis.com/horace-comstock/images/small/0222_sm.jpg,https://storage.googleapis.com/horace-comstock/images/thumb/0222_th.jpg,,https://storage.googleapis.com/horace-comstock/images/text/0222.txt
hc_0224,,,Horace Comstock,,223,,,war; WWII; Army; correspondence; fighter pilot,,,,,Image;StillImage,image/jpg,eng,CC BY-NC-ND,https://creativecommons.org/licenses/by-nc-nd/4.0/,,image,https://storage.googleapis.com/horace-comstock/images/full/0223_full.jpg,https://storage.googleapis.com/horace-comstock/images/small/0223_sm.jpg,https://storage.googleapis.com/horace-comstock/images/small/0223_sm.jpg,https://storage.googleapis.com/horace-comstock/images/thumb/0223_th.jpg,,https://storage.googleapis.com/horace-comstock/images/text/0223.txt
hc_0225,,,Horace Comstock,,224,,,war; WWII; Army; correspondence; fighter pilot,,,,,Image;StillImage,image/jpg,eng,CC BY-NC-ND,https://creativecommons.org/licenses/by-nc-nd/4.0/,,image,https://storage.googleapis.com/horace-comstock/images/full/0224_full.jpg,https://storage.googleapis.com/horace-comstock/images/small/0224_sm.jpg,https://storage.googleapis.com/horace-comstock/images/small/0224_sm.jpg,https://storage.googleapis.com/horace-comstock/images/thumb/0224_th.jpg,,https://storage.googleapis.com/horace-comstock/images/text/0224.txt
hc_0226,,,Horace Comstock,,225,,,war; WWII; Army; correspondence; fighter pilot,,,,,Image;StillImage,image/jpg,eng,CC BY-NC-ND,https://creativecommons.org/licenses/by-nc-nd/4.0/,,image,https://storage.googleapis.com/horace-comstock/images/full/0225_full.jpg,https://storage.googleapis.com/horace-comstock/images/small/0225_sm.jpg,https://storage.googleapis.com/horace-comstock/images/small/0225_sm.jpg,https://storage.googleapis.com/horace-comstock/images/thumb/0225_th.jpg,,https://storage.googleapis.com/horace-comstock/images/text/0225.txt
hc_0227,,,Horace Comstock,,226,,,war; WWII; Army; correspondence; fighter pilot,,,,,Image;StillImage,image/jpg,eng,CC BY-NC-ND,https://creativecommons.org/licenses/by-nc-nd/4.0/,,image,https://storage.googleapis.com/horace-comstock/images/full/0226_full.jpg,https://storage.googleapis.com/horace-comstock/images/small/0226_sm.jpg,https://storage.googleapis.com/horace-comstock/images/small/0226_sm.jpg,https://storage.googleapis.com/horace-comstock/images/thumb/0226_th.jpg,,https://storage.googleapis.com/horace-comstock/images/text/0226.txt
hc_0228,,,Horace Comstock,,227,,,war; WWII; Army; correspondence; fighter pilot,,,,,Image;StillImage,image/jpg,eng,CC BY-NC-ND,https://creativecommons.org/licenses/by-nc-nd/4.0/,,image,https://storage.googleapis.com/horace-comstock/images/full/0227_full.jpg,https://storage.googleapis.com/horace-comstock/images/small/0227_sm.jpg,https://storage.googleapis.com/horace-comstock/images/small/0227_sm.jpg,https://storage.googleapis.com/horace-comstock/images/thumb/0227_th.jpg,,https://storage.googleapis.com/horace-comstock/images/text/0227.txt
hc_0229,,,Horace Comstock,,228,,,war; WWII; Army; correspondence; fighter pilot,,,,,Image;StillImage,image/jpg,eng,CC BY-NC-ND,https://creativecommons.org/licenses/by-nc-nd/4.0/,,image,https://storage.googleapis.com/horace-comstock/images/full/0228_full.jpg,https://storage.googleapis.com/horace-comstock/images/small/0228_sm.jpg,https://storage.googleapis.com/horace-comstock/images/small/0228_sm.jpg,https://storage.googleapis.com/horace-comstock/images/thumb/0228_th.jpg,,https://storage.googleapis.com/horace-comstock/images/text/0228.txt
hc_0230,,,Horace Comstock,,229,,,war; WWII; Army; correspondence; fighter pilot,,,,,Image;StillImage,image/jpg,eng,CC BY-NC-ND,https://creativecommons.org/licenses/by-nc-nd/4.0/,,image,https://storage.googleapis.com/horace-comstock/images/full/0229_full.jpg,https://storage.googleapis.com/horace-comstock/images/small/0229_sm.jpg,https://storage.googleapis.com/horace-comstock/images/small/0229_sm.jpg,https://storage.googleapis.com/horace-comstock/images/thumb/0229_th.jpg,,https://storage.googleapis.com/horace-comstock/images/text/0229.txt
hc_0231,,,Horace Comstock,,230,,,war; WWII; Army; correspondence; fighter pilot,,,,,Image;StillImage,image/jpg,eng,CC BY-NC-ND,https://creativecommons.org/licenses/by-nc-nd/4.0/,,image,https://storage.googleapis.com/horace-comstock/images/full/0230_full.jpg,https://storage.googleapis.com/horace-comstock/images/small/0230_sm.jpg,https://storage.googleapis.com/horace-comstock/images/small/0230_sm.jpg,https://storage.googleapis.com/horace-comstock/images/thumb/0230_th.jpg,,https://storage.googleapis.com/horace-comstock/images/text/0230.txt
hc_0232,,,Horace Comstock,,231,,,war; WWII; Army; correspondence; fighter pilot,,,,,Image;StillImage,image/jpg,eng,CC BY-NC-ND,https://creativecommons.org/licenses/by-nc-nd/4.0/,,image,https://storage.googleapis.com/horace-comstock/images/full/0231_full.jpg,https://storage.googleapis.com/horace-comstock/images/small/0231_sm.jpg,https://storage.googleapis.com/horace-comstock/images/small/0231_sm.jpg,https://storage.googleapis.com/horace-comstock/images/thumb/0231_th.jpg,,https://storage.googleapis.com/horace-comstock/images/text/0231.txt
hc_0233,,,Horace Comstock,,232,,,war; WWII; Army; correspondence; fighter pilot,,,,,Image;StillImage,image/jpg,eng,CC BY-NC-ND,https://creativecommons.org/licenses/by-nc-nd/4.0/,,image,https://storage.googleapis.com/horace-comstock/images/full/0232_full.jpg,https://storage.googleapis.com/horace-comstock/images/small/0232_sm.jpg,https://storage.googleapis.com/horace-comstock/images/small/0232_sm.jpg,https://storage.googleapis.com/horace-comstock/images/thumb/0232_th.jpg,,https://storage.googleapis.com/horace-comstock/images/text/0232.txt
hc_0234,,,Horace Comstock,,233,,,war; WWII; Army; correspondence; fighter pilot,,,,,Image;StillImage,image/jpg,eng,CC BY-NC-ND,https://creativecommons.org/licenses/by-nc-nd/4.0/,,image,https://storage.googleapis.com/horace-comstock/images/full/0233_full.jpg,https://storage.googleapis.com/horace-comstock/images/small/0233_sm.jpg,https://storage.googleapis.com/horace-comstock/images/small/0233_sm.jpg,https://storage.googleapis.com/horace-comstock/images/thumb/0233_th.jpg,,https://storage.googleapis.com/horace-comstock/images/text/0233.txt
hc_0235,,,Horace Comstock,,234,,,war; WWII; Army; correspondence; fighter pilot,,,,,Image;StillImage,image/jpg,eng,CC BY-NC-ND,https://creativecommons.org/licenses/by-nc-nd/4.0/,,image,https://storage.googleapis.com/horace-comstock/images/full/0234_full.jpg,https://storage.googleapis.com/horace-comstock/images/small/0234_sm.jpg,https://storage.googleapis.com/horace-comstock/images/small/0234_sm.jpg,https://storage.googleapis.com/horace-comstock/images/thumb/0234_th.jpg,,https://storage.googleapis.com/horace-comstock/images/text/0234.txt
hc_0236,,,Horace Comstock,,235,,,war; WWII; Army; correspondence; fighter pilot,,,,,Image;StillImage,image/jpg,eng,CC BY-NC-ND,https://creativecommons.org/licenses/by-nc-nd/4.0/,,image,https://storage.googleapis.com/horace-comstock/images/full/0235_full.jpg,https://storage.googleapis.com/horace-comstock/images/small/0235_sm.jpg,https://storage.googleapis.com/horace-comstock/images/small/0235_sm.jpg,https://storage.googleapis.com/horace-comstock/images/thumb/0235_th.jpg,,https://storage.googleapis.com/horace-comstock/images/text/0235.txt
hc_0237,,,Horace Comstock,,236,,,war; WWII; Army; correspondence; fighter pilot,,,,,Image;StillImage,image/jpg,eng,CC BY-NC-ND,https://creativecommons.org/licenses/by-nc-nd/4.0/,,image,https://storage.googleapis.com/horace-comstock/images/full/0236_full.jpg,https://storage.googleapis.com/horace-comstock/images/small/0236_sm.jpg,https://storage.googleapis.com/horace-comstock/images/small/0236_sm.jpg,https://storage.googleapis.com/horace-comstock/images/thumb/0236_th.jpg,,https://storage.googleapis.com/horace-comstock/images/text/0236.txt
hc_0238,,,Horace Comstock,,237,,,war; WWII; Army; correspondence; fighter pilot,,,,,Image;StillImage,image/jpg,eng,CC BY-NC-ND,https://creativecommons.org/licenses/by-nc-nd/4.0/,,image,https://storage.googleapis.com/horace-comstock/images/full/0237_full.jpg,https://storage.googleapis.com/horace-comstock/images/small/0237_sm.jpg,https://storage.googleapis.com/horace-comstock/images/small/0237_sm.jpg,https://storage.googleapis.com/horace-comstock/images/thumb/0237_th.jpg,,https://storage.googleapis.com/horace-comstock/images/text/0237.txt
hc_0239,,,Horace Comstock,,238,,,war; WWII; Army; correspondence; fighter pilot,,,,,Image;StillImage,image/jpg,eng,CC BY-NC-ND,https://creativecommons.org/licenses/by-nc-nd/4.0/,,image,https://storage.googleapis.com/horace-comstock/images/full/0238_full.jpg,https://storage.googleapis.com/horace-comstock/images/small/0238_sm.jpg,https://storage.googleapis.com/horace-comstock/images/small/0238_sm.jpg,https://storage.googleapis.com/horace-comstock/images/thumb/0238_th.jpg,,https://storage.googleapis.com/horace-comstock/images/text/0238.txt
hc_0240,,,Horace Comstock,,239,,,war; WWII; Army; correspondence; fighter pilot,,,,,Image;StillImage,image/jpg,eng,CC BY-NC-ND,https://creativecommons.org/licenses/by-nc-nd/4.0/,,image,https://storage.googleapis.com/horace-comstock/images/full/0239_full.jpg,https://storage.googleapis.com/horace-comstock/images/small/0239_sm.jpg,https://storage.googleapis.com/horace-comstock/images/small/0239_sm.jpg,https://storage.googleapis.com/horace-comstock/images/thumb/0239_th.jpg,,https://storage.googleapis.com/horace-comstock/images/text/0239.txt
hc_0241,,,Horace Comstock,,240,,,war; WWII; Army; correspondence; fighter pilot,,,,,Image;StillImage,image/jpg,eng,CC BY-NC-ND,https://creativecommons.org/licenses/by-nc-nd/4.0/,,image,https://storage.googleapis.com/horace-comstock/images/full/0240_full.jpg,https://storage.googleapis.com/horace-comstock/images/small/0240_sm.jpg,https://storage.googleapis.com/horace-comstock/images/small/0240_sm.jpg,https://storage.googleapis.com/horace-comstock/images/thumb/0240_th.jpg,,https://storage.googleapis.com/horace-comstock/images/text/0240.txt
hc_0242,,,Horace Comstock,,241,,,war; WWII; Army; correspondence; fighter pilot,,,,,Image;StillImage,image/jpg,eng,CC BY-NC-ND,https://creativecommons.org/licenses/by-nc-nd/4.0/,,image,https://storage.googleapis.com/horace-comstock/images/full/0241_full.jpg,https://storage.googleapis.com/horace-comstock/images/small/0241_sm.jpg,https://storage.googleapis.com/horace-comstock/images/small/0241_sm.jpg,https://storage.googleapis.com/horace-comstock/images/thumb/0241_th.jpg,,https://storage.googleapis.com/horace-comstock/images/text/0241.txt
hc_0243,,,Horace Comstock,,242,,,war; WWII; Army; correspondence; fighter pilot,,,,,Image;StillImage,image/jpg,eng,CC BY-NC-ND,https://creativecommons.org/licenses/by-nc-nd/4.0/,,image,https://storage.googleapis.com/horace-comstock/images/full/0242_full.jpg,https://storage.googleapis.com/horace-comstock/images/small/0242_sm.jpg,https://storage.googleapis.com/horace-comstock/images/small/0242_sm.jpg,https://storage.googleapis.com/horace-comstock/images/thumb/0242_th.jpg,,https://storage.googleapis.com/horace-comstock/images/text/0242.txt
hc_0244,,,Horace Comstock,,243,,,war; WWII; Army; correspondence; fighter pilot,,,,,Image;StillImage,image/jpg,eng,CC BY-NC-ND,https://creativecommons.org/licenses/by-nc-nd/4.0/,,image,https://storage.googleapis.com/horace-comstock/images/full/0243_full.jpg,https://storage.googleapis.com/horace-comstock/images/small/0243_sm.jpg,https://storage.googleapis.com/horace-comstock/images/small/0243_sm.jpg,https://storage.googleapis.com/horace-comstock/images/thumb/0243_th.jpg,,https://storage.googleapis.com/horace-comstock/images/text/0243.txt
hc_0245,,,Horace Comstock,,244,,,war; WWII; Army; correspondence; fighter pilot,,,,,Image;StillImage,image/jpg,eng,CC BY-NC-ND,https://creativecommons.org/licenses/by-nc-nd/4.0/,,image,https://storage.googleapis.com/horace-comstock/images/full/0244_full.jpg,https://storage.googleapis.com/horace-comstock/images/small/0244_sm.jpg,https://storage.googleapis.com/horace-comstock/images/small/0244_sm.jpg,https://storage.googleapis.com/horace-comstock/images/thumb/0244_th.jpg,,https://storage.googleapis.com/horace-comstock/images/text/0244.txt
hc_0246,,,Horace Comstock,,245,,,war; WWII; Army; correspondence; fighter pilot,,,,,Image;StillImage,image/jpg,eng,CC BY-NC-ND,https://creativecommons.org/licenses/by-nc-nd/4.0/,,image,https://storage.googleapis.com/horace-comstock/images/full/0245_full.jpg,https://storage.googleapis.com/horace-comstock/images/small/0245_sm.jpg,https://storage.googleapis.com/horace-comstock/images/small/0245_sm.jpg,https://storage.googleapis.com/horace-comstock/images/thumb/0245_th.jpg,,https://storage.googleapis.com/horace-comstock/images/text/0245.txt
hc_0247,,,Horace Comstock,,246,,,war; WWII; Army; correspondence; fighter pilot,,,,,Image;StillImage,image/jpg,eng,CC BY-NC-ND,https://creativecommons.org/licenses/by-nc-nd/4.0/,,image,https://storage.googleapis.com/horace-comstock/images/full/0246_full.jpg,https://storage.googleapis.com/horace-comstock/images/small/0246_sm.jpg,https://storage.googleapis.com/horace-comstock/images/small/0246_sm.jpg,https://storage.googleapis.com/horace-comstock/images/thumb/0246_th.jpg,,https://storage.googleapis.com/horace-comstock/images/text/0246.txt
hc_0248,,,Horace Comstock,,247,,,war; WWII; Army; correspondence; fighter pilot,,,,,Image;StillImage,image/jpg,eng,CC BY-NC-ND,https://creativecommons.org/licenses/by-nc-nd/4.0/,,image,https://storage.googleapis.com/horace-comstock/images/full/0247_full.jpg,https://storage.googleapis.com/horace-comstock/images/small/0247_sm.jpg,https://storage.googleapis.com/horace-comstock/images/small/0247_sm.jpg,https://storage.googleapis.com/horace-comstock/images/thumb/0247_th.jpg,,https://storage.googleapis.com/horace-comstock/images/text/0247.txt
hc_0249,,,Horace Comstock,,248,,,war; WWII; Army; correspondence; fighter pilot,,,,,Image;StillImage,image/jpg,eng,CC BY-NC-ND,https://creativecommons.org/licenses/by-nc-nd/4.0/,,image,https://storage.googleapis.com/horace-comstock/images/full/0248_full.jpg,https://storage.googleapis.com/horace-comstock/images/small/0248_sm.jpg,https://storage.googleapis.com/horace-comstock/images/small/0248_sm.jpg,https://storage.googleapis.com/horace-comstock/images/thumb/0248_th.jpg,,https://storage.googleapis.com/horace-comstock/images/text/0248.txt
hc_0250,,,Horace Comstock,,249,,,war; WWII; Army; correspondence; fighter pilot,,,,,Image;StillImage,image/jpg,eng,CC BY-NC-ND,https://creativecommons.org/licenses/by-nc-nd/4.0/,,image,https://storage.googleapis.com/horace-comstock/images/full/0249_full.jpg,https://storage.googleapis.com/horace-comstock/images/small/0249_sm.jpg,https://storage.googleapis.com/horace-comstock/images/small/0249_sm.jpg,https://storage.googleapis.com/horace-comstock/images/thumb/0249_th.jpg,,https://storage.googleapis.com/horace-comstock/images/text/0249.txt
hc_0251,,,Horace Comstock,,250,,,war; WWII; Army; correspondence; fighter pilot,,,,,Image;StillImage,image/jpg,eng,CC BY-NC-ND,https://creativecommons.org/licenses/by-nc-nd/4.0/,,image,https://storage.googleapis.com/horace-comstock/images/full/0250_full.jpg,https://storage.googleapis.com/horace-comstock/images/small/0250_sm.jpg,https://storage.googleapis.com/horace-comstock/images/small/0250_sm.jpg,https://storage.googleapis.com/horace-comstock/images/thumb/0250_th.jpg,,https://storage.googleapis.com/horace-comstock/images/text/0250.txt
hc_0252,,,Horace Comstock,,251,,,war; WWII; Army; correspondence; fighter pilot,,,,,Image;StillImage,image/jpg,eng,CC BY-NC-ND,https://creativecommons.org/licenses/by-nc-nd/4.0/,,image,https://storage.googleapis.com/horace-comstock/images/full/0251_full.jpg,https://storage.googleapis.com/horace-comstock/images/small/0251_sm.jpg,https://storage.googleapis.com/horace-comstock/images/small/0251_sm.jpg,https://storage.googleapis.com/horace-comstock/images/thumb/0251_th.jpg,,https://storage.googleapis.com/horace-comstock/images/text/0251.txt
hc_0253,,,Horace Comstock,,252,,,war; WWII; Army; correspondence; fighter pilot,,,,,Image;StillImage,image/jpg,eng,CC BY-NC-ND,https://creativecommons.org/licenses/by-nc-nd/4.0/,,image,https://storage.googleapis.com/horace-comstock/images/full/0252_full.jpg,https://storage.googleapis.com/horace-comstock/images/small/0252_sm.jpg,https://storage.googleapis.com/horace-comstock/images/small/0252_sm.jpg,https://storage.googleapis.com/horace-comstock/images/thumb/0252_th.jpg,,https://storage.googleapis.com/horace-comstock/images/text/0252.txt
hc_0254,,,Horace Comstock,,253,,,war; WWII; Army; correspondence; fighter pilot,,,,,Image;StillImage,image/jpg,eng,CC BY-NC-ND,https://creativecommons.org/licenses/by-nc-nd/4.0/,,image,https://storage.googleapis.com/horace-comstock/images/full/0253_full.jpg,https://storage.googleapis.com/horace-comstock/images/small/0253_sm.jpg,https://storage.googleapis.com/horace-comstock/images/small/0253_sm.jpg,https://storage.googleapis.com/horace-comstock/images/thumb/0253_th.jpg,,https://storage.googleapis.com/horace-comstock/images/text/0253.txt
hc_0255,,,Horace Comstock,,254,,,war; WWII; Army; correspondence; fighter pilot,,,,,Image;StillImage,image/jpg,eng,CC BY-NC-ND,https://creativecommons.org/licenses/by-nc-nd/4.0/,,image,https://storage.googleapis.com/horace-comstock/images/full/0254_full.jpg,https://storage.googleapis.com/horace-comstock/images/small/0254_sm.jpg,https://storage.googleapis.com/horace-comstock/images/small/0254_sm.jpg,https://storage.googleapis.com/horace-comstock/images/thumb/0254_th.jpg,,https://storage.googleapis.com/horace-comstock/images/text/0254.txt
hc_0256,,,Horace Comstock,,255,,,war; WWII; Army; correspondence; fighter pilot,,,,,Image;StillImage,image/jpg,eng,CC BY-NC-ND,https://creativecommons.org/licenses/by-nc-nd/4.0/,,image,https://storage.googleapis.com/horace-comstock/images/full/0255_full.jpg,https://storage.googleapis.com/horace-comstock/images/small/0255_sm.jpg,https://storage.googleapis.com/horace-comstock/images/small/0255_sm.jpg,https://storage.googleapis.com/horace-comstock/images/thumb/0255_th.jpg,,https://storage.googleapis.com/horace-comstock/images/text/0255.txt
hc_0257,,,Horace Comstock,,256,,,war; WWII; Army; correspondence; fighter pilot,,,,,Image;StillImage,image/jpg,eng,CC BY-NC-ND,https://creativecommons.org/licenses/by-nc-nd/4.0/,,image,https://storage.googleapis.com/horace-comstock/images/full/0256_full.jpg,https://storage.googleapis.com/horace-comstock/images/small/0256_sm.jpg,https://storage.googleapis.com/horace-comstock/images/small/0256_sm.jpg,https://storage.googleapis.com/horace-comstock/images/thumb/0256_th.jpg,,https://storage.googleapis.com/horace-comstock/images/text/0256.txt
hc_0258,,,Horace Comstock,,257,,,war; WWII; Army; correspondence; fighter pilot,,,,,Image;StillImage,image/jpg,eng,CC BY-NC-ND,https://creativecommons.org/licenses/by-nc-nd/4.0/,,image,https://storage.googleapis.com/horace-comstock/images/full/0257_full.jpg,https://storage.googleapis.com/horace-comstock/images/small/0257_sm.jpg,https://storage.googleapis.com/horace-comstock/images/small/0257_sm.jpg,https://storage.googleapis.com/horace-comstock/images/thumb/0257_th.jpg,,https://storage.googleapis.com/horace-comstock/images/text/0257.txt
hc_0259,,,Horace Comstock,,258,,,war; WWII; Army; correspondence; fighter pilot,,,,,Image;StillImage,image/jpg,eng,CC BY-NC-ND,https://creativecommons.org/licenses/by-nc-nd/4.0/,,image,https://storage.googleapis.com/horace-comstock/images/full/0258_full.jpg,https://storage.googleapis.com/horace-comstock/images/small/0258_sm.jpg,https://storage.googleapis.com/horace-comstock/images/small/0258_sm.jpg,https://storage.googleapis.com/horace-comstock/images/thumb/0258_th.jpg,,https://storage.googleapis.com/horace-comstock/images/text/0258.txt
hc_0260,,,Horace Comstock,,259,,,war; WWII; Army; correspondence; fighter pilot,,,,,Image;StillImage,image/jpg,eng,CC BY-NC-ND,https://creativecommons.org/licenses/by-nc-nd/4.0/,,image,https://storage.googleapis.com/horace-comstock/images/full/0259_full.jpg,https://storage.googleapis.com/horace-comstock/images/small/0259_sm.jpg,https://storage.googleapis.com/horace-comstock/images/small/0259_sm.jpg,https://storage.googleapis.com/horace-comstock/images/thumb/0259_th.jpg,,https://storage.googleapis.com/horace-comstock/images/text/0259.txt
hc_0261,,,Horace Comstock,,260,,,war; WWII; Army; correspondence; fighter pilot,,,,,Image;StillImage,image/jpg,eng,CC BY-NC-ND,https://creativecommons.org/licenses/by-nc-nd/4.0/,,image,https://storage.googleapis.com/horace-comstock/images/full/0260_full.jpg,https://storage.googleapis.com/horace-comstock/images/small/0260_sm.jpg,https://storage.googleapis.com/horace-comstock/images/small/0260_sm.jpg,https://storage.googleapis.com/horace-comstock/images/thumb/0260_th.jpg,,https://storage.googleapis.com/horace-comstock/images/text/0260.txt
hc_0262,,,Horace Comstock,,261,,,war; WWII; Army; correspondence; fighter pilot,,,,,Image;StillImage,image/jpg,eng,CC BY-NC-ND,https://creativecommons.org/licenses/by-nc-nd/4.0/,,image,https://storage.googleapis.com/horace-comstock/images/full/0261_full.jpg,https://storage.googleapis.com/horace-comstock/images/small/0261_sm.jpg,https://storage.googleapis.com/horace-comstock/images/small/0261_sm.jpg,https://storage.googleapis.com/horace-comstock/images/thumb/0261_th.jpg,,https://storage.googleapis.com/horace-comstock/images/text/0261.txt
hc_0263,,,Horace Comstock,,262,,,war; WWII; Army; correspondence; fighter pilot,,,,,Image;StillImage,image/jpg,eng,CC BY-NC-ND,https://creativecommons.org/licenses/by-nc-nd/4.0/,,image,https://storage.googleapis.com/horace-comstock/images/full/0262_full.jpg,https://storage.googleapis.com/horace-comstock/images/small/0262_sm.jpg,https://storage.googleapis.com/horace-comstock/images/small/0262_sm.jpg,https://storage.googleapis.com/horace-comstock/images/thumb/0262_th.jpg,,https://storage.googleapis.com/horace-comstock/images/text/0262.txt
hc_0264,,,Horace Comstock,,263,,,war; WWII; Army; correspondence; fighter pilot,,,,,Image;StillImage,image/jpg,eng,CC BY-NC-ND,https://creativecommons.org/licenses/by-nc-nd/4.0/,,image,https://storage.googleapis.com/horace-comstock/images/full/0263_full.jpg,https://storage.googleapis.com/horace-comstock/images/small/0263_sm.jpg,https://storage.googleapis.com/horace-comstock/images/small/0263_sm.jpg,https://storage.googleapis.com/horace-comstock/images/thumb/0263_th.jpg,,https://storage.googleapis.com/horace-comstock/images/text/0263.txt
hc_0265,,,Horace Comstock,,264,,,war; WWII; Army; correspondence; fighter pilot,,,,,Image;StillImage,image/jpg,eng,CC BY-NC-ND,https://creativecommons.org/licenses/by-nc-nd/4.0/,,image,https://storage.googleapis.com/horace-comstock/images/full/0264_full.jpg,https://storage.googleapis.com/horace-comstock/images/small/0264_sm.jpg,https://storage.googleapis.com/horace-comstock/images/small/0264_sm.jpg,https://storage.googleapis.com/horace-comstock/images/thumb/0264_th.jpg,,https://storage.googleapis.com/horace-comstock/images/text/0264.txt
hc_0266,,,Horace Comstock,,265,,,war; WWII; Army; correspondence; fighter pilot,,,,,Image;StillImage,image/jpg,eng,CC BY-NC-ND,https://creativecommons.org/licenses/by-nc-nd/4.0/,,image,https://storage.googleapis.com/horace-comstock/images/full/0265_full.jpg,https://storage.googleapis.com/horace-comstock/images/small/0265_sm.jpg,https://storage.googleapis.com/horace-comstock/images/small/0265_sm.jpg,https://storage.googleapis.com/horace-comstock/images/thumb/0265_th.jpg,,https://storage.googleapis.com/horace-comstock/images/text/0265.txt
hc_0267,,,Horace Comstock,,266,,,war; WWII; Army; correspondence; fighter pilot,,,,,Image;StillImage,image/jpg,eng,CC BY-NC-ND,https://creativecommons.org/licenses/by-nc-nd/4.0/,,image,https://storage.googleapis.com/horace-comstock/images/full/0266_full.jpg,https://storage.googleapis.com/horace-comstock/images/small/0266_sm.jpg,https://storage.googleapis.com/horace-comstock/images/small/0266_sm.jpg,https://storage.googleapis.com/horace-comstock/images/thumb/0266_th.jpg,,https://storage.googleapis.com/horace-comstock/images/text/0266.txt
hc_0268,,,Horace Comstock,,267,,,war; WWII; Army; correspondence; fighter pilot,,,,,Image;StillImage,image/jpg,eng,CC BY-NC-ND,https://creativecommons.org/licenses/by-nc-nd/4.0/,,image,https://storage.googleapis.com/horace-comstock/images/full/0267_full.jpg,https://storage.googleapis.com/horace-comstock/images/small/0267_sm.jpg,https://storage.googleapis.com/horace-comstock/images/small/0267_sm.jpg,https://storage.googleapis.com/horace-comstock/images/thumb/0267_th.jpg,,https://storage.googleapis.com/horace-comstock/images/text/0267.txt
hc_0269,,,Horace Comstock,,268,,,war; WWII; Army; correspondence; fighter pilot,,,,,Image;StillImage,image/jpg,eng,CC BY-NC-ND,https://creativecommons.org/licenses/by-nc-nd/4.0/,,image,https://storage.googleapis.com/horace-comstock/images/full/0268_full.jpg,https://storage.googleapis.com/horace-comstock/images/small/0268_sm.jpg,https://storage.googleapis.com/horace-comstock/images/small/0268_sm.jpg,https://storage.googleapis.com/horace-comstock/images/thumb/0268_th.jpg,,https://storage.googleapis.com/horace-comstock/images/text/0268.txt
hc_0270,,,Horace Comstock,,269,,,war; WWII; Army; correspondence; fighter pilot,,,,,Image;StillImage,image/jpg,eng,CC BY-NC-ND,https://creativecommons.org/licenses/by-nc-nd/4.0/,,image,https://storage.googleapis.com/horace-comstock/images/full/0269_full.jpg,https://storage.googleapis.com/horace-comstock/images/small/0269_sm.jpg,https://storage.googleapis.com/horace-comstock/images/small/0269_sm.jpg,https://storage.googleapis.com/horace-comstock/images/thumb/0269_th.jpg,,https://storage.googleapis.com/horace-comstock/images/text/0269.txt
hc_0271,,,Horace Comstock,,270,,,war; WWII; Army; correspondence; fighter pilot,,,,,Image;StillImage,image/jpg,eng,CC BY-NC-ND,https://creativecommons.org/licenses/by-nc-nd/4.0/,,image,https://storage.googleapis.com/horace-comstock/images/full/0270_full.jpg,https://storage.googleapis.com/horace-comstock/images/small/0270_sm.jpg,https://storage.googleapis.com/horace-comstock/images/small/0270_sm.jpg,https://storage.googleapis.com/horace-comstock/images/thumb/0270_th.jpg,,https://storage.googleapis.com/horace-comstock/images/text/0270.txt
hc_0272,,,Horace Comstock,,271,,,war; WWII; Army; correspondence; fighter pilot,,,,,Image;StillImage,image/jpg,eng,CC BY-NC-ND,https://creativecommons.org/licenses/by-nc-nd/4.0/,,image,https://storage.googleapis.com/horace-comstock/images/full/0271_full.jpg,https://storage.googleapis.com/horace-comstock/images/small/0271_sm.jpg,https://storage.googleapis.com/horace-comstock/images/small/0271_sm.jpg,https://storage.googleapis.com/horace-comstock/images/thumb/0271_th.jpg,,https://storage.googleapis.com/horace-comstock/images/text/0271.txt
hc_0273,,,Horace Comstock,,272,,,war; WWII; Army; correspondence; fighter pilot,,,,,Image;StillImage,image/jpg,eng,CC BY-NC-ND,https://creativecommons.org/licenses/by-nc-nd/4.0/,,image,https://storage.googleapis.com/horace-comstock/images/full/0272_full.jpg,https://storage.googleapis.com/horace-comstock/images/small/0272_sm.jpg,https://storage.googleapis.com/horace-comstock/images/small/0272_sm.jpg,https://storage.googleapis.com/horace-comstock/images/thumb/0272_th.jpg,,https://storage.googleapis.com/horace-comstock/images/text/0272.txt
hc_0274,,,Horace Comstock,,273,,,war; WWII; Army; correspondence; fighter pilot,,,,,Image;StillImage,image/jpg,eng,CC BY-NC-ND,https://creativecommons.org/licenses/by-nc-nd/4.0/,,image,https://storage.googleapis.com/horace-comstock/images/full/0273_full.jpg,https://storage.googleapis.com/horace-comstock/images/small/0273_sm.jpg,https://storage.googleapis.com/horace-comstock/images/small/0273_sm.jpg,https://storage.googleapis.com/horace-comstock/images/thumb/0273_th.jpg,,https://storage.googleapis.com/horace-comstock/images/text/0273.txt
hc_0275,,,Horace Comstock,,274,,,war; WWII; Army; correspondence; fighter pilot,,,,,Image;StillImage,image/jpg,eng,CC BY-NC-ND,https://creativecommons.org/licenses/by-nc-nd/4.0/,,image,https://storage.googleapis.com/horace-comstock/images/full/0274_full.jpg,https://storage.googleapis.com/horace-comstock/images/small/0274_sm.jpg,https://storage.googleapis.com/horace-comstock/images/small/0274_sm.jpg,https://storage.googleapis.com/horace-comstock/images/thumb/0274_th.jpg,,https://storage.googleapis.com/horace-comstock/images/text/0274.txt
hc_0276,,,Horace Comstock,,275,,,war; WWII; Army; correspondence; fighter pilot,,,,,Image;StillImage,image/jpg,eng,CC BY-NC-ND,https://creativecommons.org/licenses/by-nc-nd/4.0/,,image,https://storage.googleapis.com/horace-comstock/images/full/0275_full.jpg,https://storage.googleapis.com/horace-comstock/images/small/0275_sm.jpg,https://storage.googleapis.com/horace-comstock/images/small/0275_sm.jpg,https://storage.googleapis.com/horace-comstock/images/thumb/0275_th.jpg,,https://storage.googleapis.com/horace-comstock/images/text/0275.txt
hc_0277,,,Horace Comstock,,276,,,war; WWII; Army; correspondence; fighter pilot,,,,,Image;StillImage,image/jpg,eng,CC BY-NC-ND,https://creativecommons.org/licenses/by-nc-nd/4.0/,,image,https://storage.googleapis.com/horace-comstock/images/full/0276_full.jpg,https://storage.googleapis.com/horace-comstock/images/small/0276_sm.jpg,https://storage.googleapis.com/horace-comstock/images/small/0276_sm.jpg,https://storage.googleapis.com/horace-comstock/images/thumb/0276_th.jpg,,https://storage.googleapis.com/horace-comstock/images/text/0276.txt
hc_0278,,,Horace Comstock,,277,,,war; WWII; Army; correspondence; fighter pilot,,,,,Image;StillImage,image/jpg,eng,CC BY-NC-ND,https://creativecommons.org/licenses/by-nc-nd/4.0/,,image,https://storage.googleapis.com/horace-comstock/images/full/0277_full.jpg,https://storage.googleapis.com/horace-comstock/images/small/0277_sm.jpg,https://storage.googleapis.com/horace-comstock/images/small/0277_sm.jpg,https://storage.googleapis.com/horace-comstock/images/thumb/0277_th.jpg,,https://storage.googleapis.com/horace-comstock/images/text/0277.txt
hc_0279,,,Horace Comstock,,278,,,war; WWII; Army; correspondence; fighter pilot,,,,,Image;StillImage,image/jpg,eng,CC BY-NC-ND,https://creativecommons.org/licenses/by-nc-nd/4.0/,,image,https://storage.googleapis.com/horace-comstock/images/full/0278_full.jpg,https://storage.googleapis.com/horace-comstock/images/small/0278_sm.jpg,https://storage.googleapis.com/horace-comstock/images/small/0278_sm.jpg,https://storage.googleapis.com/horace-comstock/images/thumb/0278_th.jpg,,https://storage.googleapis.com/horace-comstock/images/text/0278.txt
hc_0280,,,Horace Comstock,,279,,,war; WWII; Army; correspondence; fighter pilot,,,,,Image;StillImage,image/jpg,eng,CC BY-NC-ND,https://creativecommons.org/licenses/by-nc-nd/4.0/,,image,https://storage.googleapis.com/horace-comstock/images/full/0279_full.jpg,https://storage.googleapis.com/horace-comstock/images/small/0279_sm.jpg,https://storage.googleapis.com/horace-comstock/images/small/0279_sm.jpg,https://storage.googleapis.com/horace-comstock/images/thumb/0279_th.jpg,,https://storage.googleapis.com/horace-comstock/images/text/0279.txt
hc_0281,,,Horace Comstock,,280,,,war; WWII; Army; correspondence; fighter pilot,,,,,Image;StillImage,image/jpg,eng,CC BY-NC-ND,https://creativecommons.org/licenses/by-nc-nd/4.0/,,image,https://storage.googleapis.com/horace-comstock/images/full/0280_full.jpg,https://storage.googleapis.com/horace-comstock/images/small/0280_sm.jpg,https://storage.googleapis.com/horace-comstock/images/small/0280_sm.jpg,https://storage.googleapis.com/horace-comstock/images/thumb/0280_th.jpg,,https://storage.googleapis.com/horace-comstock/images/text/0280.txt
hc_0282,,,Horace Comstock,,281,,,war; WWII; Army; correspondence; fighter pilot,,,,,Image;StillImage,image/jpg,eng,CC BY-NC-ND,https://creativecommons.org/licenses/by-nc-nd/4.0/,,image,https://storage.googleapis.com/horace-comstock/images/full/0281_full.jpg,https://storage.googleapis.com/horace-comstock/images/small/0281_sm.jpg,https://storage.googleapis.com/horace-comstock/images/small/0281_sm.jpg,https://storage.googleapis.com/horace-comstock/images/thumb/0281_th.jpg,,https://storage.googleapis.com/horace-comstock/images/text/0281.txt
hc_0283,,,Horace Comstock,,282,,,war; WWII; Army; correspondence; fighter pilot,,,,,Image;StillImage,image/jpg,eng,CC BY-NC-ND,https://creativecommons.org/licenses/by-nc-nd/4.0/,,image,https://storage.googleapis.com/horace-comstock/images/full/0282_full.jpg,https://storage.googleapis.com/horace-comstock/images/small/0282_sm.jpg,https://storage.googleapis.com/horace-comstock/images/small/0282_sm.jpg,https://storage.googleapis.com/horace-comstock/images/thumb/0282_th.jpg,,https://storage.googleapis.com/horace-comstock/images/text/0282.txt
hc_0284,,,Horace Comstock,,283,,,war; WWII; Army; correspondence; fighter pilot,,,,,Image;StillImage,image/jpg,eng,CC BY-NC-ND,https://creativecommons.org/licenses/by-nc-nd/4.0/,,image,https://storage.googleapis.com/horace-comstock/images/full/0283_full.jpg,https://storage.googleapis.com/horace-comstock/images/small/0283_sm.jpg,https://storage.googleapis.com/horace-comstock/images/small/0283_sm.jpg,https://storage.googleapis.com/horace-comstock/images/thumb/0283_th.jpg,,https://storage.googleapis.com/horace-comstock/images/text/0283.txt
hc_0285,,,Horace Comstock,,284,,,war; WWII; Army; correspondence; fighter pilot,,,,,Image;StillImage,image/jpg,eng,CC BY-NC-ND,https://creativecommons.org/licenses/by-nc-nd/4.0/,,image,https://storage.googleapis.com/horace-comstock/images/full/0284_full.jpg,https://storage.googleapis.com/horace-comstock/images/small/0284_sm.jpg,https://storage.googleapis.com/horace-comstock/images/small/0284_sm.jpg,https://storage.googleapis.com/horace-comstock/images/thumb/0284_th.jpg,,https://storage.googleapis.com/horace-comstock/images/text/0284.txt
hc_0286,,,Horace Comstock,,285,,,war; WWII; Army; correspondence; fighter pilot,,,,,Image;StillImage,image/jpg,eng,CC BY-NC-ND,https://creativecommons.org/licenses/by-nc-nd/4.0/,,image,https://storage.googleapis.com/horace-comstock/images/full/0285_full.jpg,https://storage.googleapis.com/horace-comstock/images/small/0285_sm.jpg,https://storage.googleapis.com/horace-comstock/images/small/0285_sm.jpg,https://storage.googleapis.com/horace-comstock/images/thumb/0285_th.jpg,,https://storage.googleapis.com/horace-comstock/images/text/0285.txt
hc_0287,,,Horace Comstock,,286,,,war; WWII; Army; correspondence; fighter pilot,,,,,Image;StillImage,image/jpg,eng,CC BY-NC-ND,https://creativecommons.org/licenses/by-nc-nd/4.0/,,image,https://storage.googleapis.com/horace-comstock/images/full/0286_full.jpg,https://storage.googleapis.com/horace-comstock/images/small/0286_sm.jpg,https://storage.googleapis.com/horace-comstock/images/small/0286_sm.jpg,https://storage.googleapis.com/horace-comstock/images/thumb/0286_th.jpg,,https://storage.googleapis.com/horace-comstock/images/text/0286.txt
hc_0288,,,Horace Comstock,,287,,,war; WWII; Army; correspondence; fighter pilot,,,,,Image;StillImage,image/jpg,eng,CC BY-NC-ND,https://creativecommons.org/licenses/by-nc-nd/4.0/,,image,https://storage.googleapis.com/horace-comstock/images/full/0287_full.jpg,https://storage.googleapis.com/horace-comstock/images/small/0287_sm.jpg,https://storage.googleapis.com/horace-comstock/images/small/0287_sm.jpg,https://storage.googleapis.com/horace-comstock/images/thumb/0287_th.jpg,,https://storage.googleapis.com/horace-comstock/images/text/0287.txt
hc_0289,,,Horace Comstock,,288,,,war; WWII; Army; correspondence; fighter pilot,,,,,Image;StillImage,image/jpg,eng,CC BY-NC-ND,https://creativecommons.org/licenses/by-nc-nd/4.0/,,image,https://storage.googleapis.com/horace-comstock/images/full/0288_full.jpg,https://storage.googleapis.com/horace-comstock/images/small/0288_sm.jpg,https://storage.googleapis.com/horace-comstock/images/small/0288_sm.jpg,https://storage.googleapis.com/horace-comstock/images/thumb/0288_th.jpg,,https://storage.googleapis.com/horace-comstock/images/text/0288.txt
hc_0290,,,Horace Comstock,,289,,,war; WWII; Army; correspondence; fighter pilot,,,,,Image;StillImage,image/jpg,eng,CC BY-NC-ND,https://creativecommons.org/licenses/by-nc-nd/4.0/,,image,https://storage.googleapis.com/horace-comstock/images/full/0289_full.jpg,https://storage.googleapis.com/horace-comstock/images/small/0289_sm.jpg,https://storage.googleapis.com/horace-comstock/images/small/0289_sm.jpg,https://storage.googleapis.com/horace-comstock/images/thumb/0289_th.jpg,,https://storage.googleapis.com/horace-comstock/images/text/0289.txt
hc_0291,,,Horace Comstock,,290,,,war; WWII; Army; correspondence; fighter pilot,,,,,Image;StillImage,image/jpg,eng,CC BY-NC-ND,https://creativecommons.org/licenses/by-nc-nd/4.0/,,image,https://storage.googleapis.com/horace-comstock/images/full/0290_full.jpg,https://storage.googleapis.com/horace-comstock/images/small/0290_sm.jpg,https://storage.googleapis.com/horace-comstock/images/small/0290_sm.jpg,https://storage.googleapis.com/horace-comstock/images/thumb/0290_th.jpg,,https://storage.googleapis.com/horace-comstock/images/text/0290.txt
hc_0292,,,Horace Comstock,,291,,,war; WWII; Army; correspondence; fighter pilot,,,,,Image;StillImage,image/jpg,eng,CC BY-NC-ND,https://creativecommons.org/licenses/by-nc-nd/4.0/,,image,https://storage.googleapis.com/horace-comstock/images/full/0291_full.jpg,https://storage.googleapis.com/horace-comstock/images/small/0291_sm.jpg,https://storage.googleapis.com/horace-comstock/images/small/0291_sm.jpg,https://storage.googleapis.com/horace-comstock/images/thumb/0291_th.jpg,,https://storage.googleapis.com/horace-comstock/images/text/0291.txt
hc_0293,,,Horace Comstock,,292,,,war; WWII; Army; correspondence; fighter pilot,,,,,Image;StillImage,image/jpg,eng,CC BY-NC-ND,https://creativecommons.org/licenses/by-nc-nd/4.0/,,image,https://storage.googleapis.com/horace-comstock/images/full/0292_full.jpg,https://storage.googleapis.com/horace-comstock/images/small/0292_sm.jpg,https://storage.googleapis.com/horace-comstock/images/small/0292_sm.jpg,https://storage.googleapis.com/horace-comstock/images/thumb/0292_th.jpg,,https://storage.googleapis.com/horace-comstock/images/text/0292.txt
hc_0294,,,Horace Comstock,,293,,,war; WWII; Army; correspondence; fighter pilot,,,,,Image;StillImage,image/jpg,eng,CC BY-NC-ND,https://creativecommons.org/licenses/by-nc-nd/4.0/,,image,https://storage.googleapis.com/horace-comstock/images/full/0293_full.jpg,https://storage.googleapis.com/horace-comstock/images/small/0293_sm.jpg,https://storage.googleapis.com/horace-comstock/images/small/0293_sm.jpg,https://storage.googleapis.com/horace-comstock/images/thumb/0293_th.jpg,,https://storage.googleapis.com/horace-comstock/images/text/0293.txt
hc_0295,,,Horace Comstock,,294,,,war; WWII; Army; correspondence; fighter pilot,,,,,Image;StillImage,image/jpg,eng,CC BY-NC-ND,https://creativecommons.org/licenses/by-nc-nd/4.0/,,image,https://storage.googleapis.com/horace-comstock/images/full/0294_full.jpg,https://storage.googleapis.com/horace-comstock/images/small/0294_sm.jpg,https://storage.googleapis.com/horace-comstock/images/small/0294_sm.jpg,https://storage.googleapis.com/horace-comstock/images/thumb/0294_th.jpg,,https://storage.googleapis.com/horace-comstock/images/text/0294.txt
hc_0296,,,Horace Comstock,,295,,,war; WWII; Army; correspondence; fighter pilot,,,,,Image;StillImage,image/jpg,eng,CC BY-NC-ND,https://creativecommons.org/licenses/by-nc-nd/4.0/,,image,https://storage.googleapis.com/horace-comstock/images/full/0295_full.jpg,https://storage.googleapis.com/horace-comstock/images/small/0295_sm.jpg,https://storage.googleapis.com/horace-comstock/images/small/0295_sm.jpg,https://storage.googleapis.com/horace-comstock/images/thumb/0295_th.jpg,,https://storage.googleapis.com/horace-comstock/images/text/0295.txt
hc_0297,,,Horace Comstock,,296,,,war; WWII; Army; correspondence; fighter pilot,,,,,Image;StillImage,image/jpg,eng,CC BY-NC-ND,https://creativecommons.org/licenses/by-nc-nd/4.0/,,image,https://storage.googleapis.com/horace-comstock/images/full/0296_full.jpg,https://storage.googleapis.com/horace-comstock/images/small/0296_sm.jpg,https://storage.googleapis.com/horace-comstock/images/small/0296_sm.jpg,https://storage.googleapis.com/horace-comstock/images/thumb/0296_th.jpg,,https://storage.googleapis.com/horace-comstock/images/text/0296.txt
hc_0298,,,Horace Comstock,,297,,,war; WWII; Army; correspondence; fighter pilot,,,,,Image;StillImage,image/jpg,eng,CC BY-NC-ND,https://creativecommons.org/licenses/by-nc-nd/4.0/,,image,https://storage.googleapis.com/horace-comstock/images/full/0297_full.jpg,https://storage.googleapis.com/horace-comstock/images/small/0297_sm.jpg,https://storage.googleapis.com/horace-comstock/images/small/0297_sm.jpg,https://storage.googleapis.com/horace-comstock/images/thumb/0297_th.jpg,,https://storage.googleapis.com/horace-comstock/images/text/0297.txt
hc_0299,,,Horace Comstock,,298,,,war; WWII; Army; correspondence; fighter pilot,,,,,Image;StillImage,image/jpg,eng,CC BY-NC-ND,https://creativecommons.org/licenses/by-nc-nd/4.0/,,image,https://storage.googleapis.com/horace-comstock/images/full/0298_full.jpg,https://storage.googleapis.com/horace-comstock/images/small/0298_sm.jpg,https://storage.googleapis.com/horace-comstock/images/small/0298_sm.jpg,https://storage.googleapis.com/horace-comstock/images/thumb/0298_th.jpg,,https://storage.googleapis.com/horace-comstock/images/text/0298.txt
hc_0300,,,Horace Comstock,,299,,,war; WWII; Army; correspondence; fighter pilot,,,,,Image;StillImage,image/jpg,eng,CC BY-NC-ND,https://creativecommons.org/licenses/by-nc-nd/4.0/,,image,https://storage.googleapis.com/horace-comstock/images/full/0299_full.jpg,https://storage.googleapis.com/horace-comstock/images/small/0299_sm.jpg,https://storage.googleapis.com/horace-comstock/images/small/0299_sm.jpg,https://storage.googleapis.com/horace-comstock/images/thumb/0299_th.jpg,,https://storage.googleapis.com/horace-comstock/images/text/0299.txt
hc_0301,,,Horace Comstock,,300,,,war; WWII; Army; correspondence; fighter pilot,,,,,Image;StillImage,image/jpg,eng,CC BY-NC-ND,https://creativecommons.org/licenses/by-nc-nd/4.0/,,image,https://storage.googleapis.com/horace-comstock/images/full/0300_full.jpg,https://storage.googleapis.com/horace-comstock/images/small/0300_sm.jpg,https://storage.googleapis.com/horace-comstock/images/small/0300_sm.jpg,https://storage.googleapis.com/horace-comstock/images/thumb/0300_th.jpg,,https://storage.googleapis.com/horace-comstock/images/text/0300.txt
hc_0302,,,Horace Comstock,,301,,,war; WWII; Army; correspondence; fighter pilot,,,,,Image;StillImage,image/jpg,eng,CC BY-NC-ND,https://creativecommons.org/licenses/by-nc-nd/4.0/,,image,https://storage.googleapis.com/horace-comstock/images/full/0301_full.jpg,https://storage.googleapis.com/horace-comstock/images/small/0301_sm.jpg,https://storage.googleapis.com/horace-comstock/images/small/0301_sm.jpg,https://storage.googleapis.com/horace-comstock/images/thumb/0301_th.jpg,,https://storage.googleapis.com/horace-comstock/images/text/0301.txt
hc_0303,,,Horace Comstock,,302,,,war; WWII; Army; correspondence; fighter pilot,,,,,Image;StillImage,image/jpg,eng,CC BY-NC-ND,https://creativecommons.org/licenses/by-nc-nd/4.0/,,image,https://storage.googleapis.com/horace-comstock/images/full/0302_full.jpg,https://storage.googleapis.com/horace-comstock/images/small/0302_sm.jpg,https://storage.googleapis.com/horace-comstock/images/small/0302_sm.jpg,https://storage.googleapis.com/horace-comstock/images/thumb/0302_th.jpg,,https://storage.googleapis.com/horace-comstock/images/text/0302.txt
hc_0304,,Solo slip,Horace Comstock,1943-02-19,,,"""Solo Slip"" training checklist",war; WWII; Army; training documentation; fighter pilot,"Pine Bluff, Arkansas",,,,record,compound_object,eng,CC BY-NC-ND,https://creativecommons.org/licenses/by-nc-nd/4.0/,,compound_object,,,,https://storage.googleapis.com/horace-comstock/images/thumb/0302_th.jpg,,https://storage.googleapis.com/horace-comstock/images/text/0302.txt
hc_0305,,to family,Horace Comstock,1943-01-09,,,Letter to family,war; WWII; Army; correspondence; fighter pilot,"San Antonio, Texas",,,,record,compound_object,eng,CC BY-NC-ND,https://creativecommons.org/licenses/by-nc-nd/4.0/,,compound_object,,,,,,
hc_0306,,to father,Horace Comstock,1943-01-15,,,Letter to father,war; WWII; Army; correspondence; fighter pilot,"San Antonio, Texas",,,,record,compound_object,eng,CC BY-NC-ND,,,compound_object,,,,,,
hc_0307,,to mother,Horace Comstock,1943-01-29,,,Letter to mother,war; WWII; Army; correspondence; fighter pilot,"Pine Bluff, Arkansas",,,,record,compound_object,eng,CC BY-NC-ND,,,compound_object,,,,,,
hc_0308,,to father,Horace Comstock,1943-02-19,,,Letter to father,war; WWII; Army; correspondence; fighter pilot,"Pine Bluff, Arkansas",,,,record,compound_object,eng,CC BY-NC-ND,,,compound_object,,,,,,